run_id,timestamp_utc,hostname,variant,model_name_or_path,model_mode,layer_index,input_source,batch_size,sequence_length,rows,hidden_size,intermediate_size,activation_function,fc1_bias,fc2_bias,dtype,threads,weight_layout,split_k,iteration,latency_ns,latency_ms,rows_per_second,checksum,packing_ms,canonical_parameter_bytes,packed_parameter_bytes,workspace_bytes,logical_activation_bytes,logical_output_bytes,max_abs_error,max_rel_error,allclose
20260919T072229Z-hf-opt-layer,2026-09-19T07:22:32.461840+00:00,mn01,imbps,facebook/opt-125m,pretrained,0,captured,1,256,256,768,3072,relu,True,True,bf16,8,prepacked,1,0,3612350,3.61235,70867.99451880355,-0.0008544921875,3.963902,9444864,9444864,1966080,1572864,393216,0.00390625,639.59375,True
20260919T072229Z-hf-opt-layer,2026-09-19T07:22:32.466554+00:00,mn01,reference,facebook/opt-125m,pretrained,0,captured,1,256,256,768,3072,relu,True,True,bf16,8,native_linear,1,0,4611183,4.611183,55517.20675583685,-0.000812530517578125,0.0,9444864,0,0,1572864,393216,0.00390625,639.59375,True
20260919T072229Z-hf-opt-layer,2026-09-19T07:22:32.470463+00:00,mn01,imbps,facebook/opt-125m,pretrained,0,captured,1,256,256,768,3072,relu,True,True,bf16,8,prepacked,1,1,3847717,3.847717,66532.95967452908,-0.0008544921875,3.963902,9444864,9444864,1966080,1572864,393216,0.00390625,639.59375,True
20260919T072229Z-hf-opt-layer,2026-09-19T07:22:32.474921+00:00,mn01,reference,facebook/opt-125m,pretrained,0,captured,1,256,256,768,3072,relu,True,True,bf16,8,native_linear,1,1,4407874,4.407874,58077.885166409025,-0.000812530517578125,0.0,9444864,0,0,1572864,393216,0.00390625,639.59375,True
20260919T072229Z-hf-opt-layer,2026-09-19T07:22:32.479630+00:00,mn01,reference,facebook/opt-125m,pretrained,0,captured,1,256,256,768,3072,relu,True,True,bf16,8,native_linear,1,2,4656451,4.656451,54977.49251522243,-0.000812530517578125,0.0,9444864,0,0,1572864,393216,0.00390625,639.59375,True
20260919T072229Z-hf-opt-layer,2026-09-19T07:22:32.483554+00:00,mn01,imbps,facebook/opt-125m,pretrained,0,captured,1,256,256,768,3072,relu,True,True,bf16,8,prepacked,1,2,3882169,3.882169,65942.51821597668,-0.0008544921875,3.963902,9444864,9444864,1966080,1572864,393216,0.00390625,639.59375,True
20260919T072229Z-hf-opt-layer,2026-09-19T07:22:32.487214+00:00,mn01,imbps,facebook/opt-125m,pretrained,0,captured,1,256,256,768,3072,relu,True,True,bf16,8,prepacked,1,3,3609666,3.609666,70920.68906098237,-0.0008544921875,3.963902,9444864,9444864,1966080,1572864,393216,0.00390625,639.59375,True
20260919T072229Z-hf-opt-layer,2026-09-19T07:22:32.491626+00:00,mn01,reference,facebook/opt-125m,pretrained,0,captured,1,256,256,768,3072,relu,True,True,bf16,8,native_linear,1,3,4371140,4.37114,58565.9576220391,-0.000812530517578125,0.0,9444864,0,0,1572864,393216,0.00390625,639.59375,True
20260919T072229Z-hf-opt-layer,2026-09-19T07:22:32.495510+00:00,mn01,imbps,facebook/opt-125m,pretrained,0,captured,1,256,256,768,3072,relu,True,True,bf16,8,prepacked,1,4,3832373,3.832373,66799.34338332934,-0.0008544921875,3.963902,9444864,9444864,1966080,1572864,393216,0.00390625,639.59375,True
20260919T072229Z-hf-opt-layer,2026-09-19T07:22:32.499884+00:00,mn01,reference,facebook/opt-125m,pretrained,0,captured,1,256,256,768,3072,relu,True,True,bf16,8,native_linear,1,4,4331620,4.33162,59100.29042252091,-0.000812530517578125,0.0,9444864,0,0,1572864,393216,0.00390625,639.59375,True
20260919T072229Z-hf-opt-layer,2026-09-19T07:22:32.503031+00:00,mn01,imbps,facebook/opt-125m,pretrained,0,captured,1,256,256,768,3072,relu,True,True,bf16,8,prepacked,1,5,3100906,3.100906,82556.51735331544,-0.0008544921875,3.963902,9444864,9444864,1966080,1572864,393216,0.00390625,639.59375,True
20260919T072229Z-hf-opt-layer,2026-09-19T07:22:32.505168+00:00,mn01,reference,facebook/opt-125m,pretrained,0,captured,1,256,256,768,3072,relu,True,True,bf16,8,native_linear,1,5,2098207,2.098207,122008.9342948527,-0.000812530517578125,0.0,9444864,0,0,1572864,393216,0.00390625,639.59375,True
20260919T072229Z-hf-opt-layer,2026-09-19T07:22:32.507360+00:00,mn01,reference,facebook/opt-125m,pretrained,0,captured,1,256,256,768,3072,relu,True,True,bf16,8,native_linear,1,6,2149194,2.149194,119114.4214994086,-0.000812530517578125,0.0,9444864,0,0,1572864,393216,0.00390625,639.59375,True
20260919T072229Z-hf-opt-layer,2026-09-19T07:22:32.509087+00:00,mn01,imbps,facebook/opt-125m,pretrained,0,captured,1,256,256,768,3072,relu,True,True,bf16,8,prepacked,1,6,1691481,1.691481,151346.66011619402,-0.0008544921875,3.963902,9444864,9444864,1966080,1572864,393216,0.00390625,639.59375,True
20260919T072229Z-hf-opt-layer,2026-09-19T07:22:32.511149+00:00,mn01,reference,facebook/opt-125m,pretrained,0,captured,1,256,256,768,3072,relu,True,True,bf16,8,native_linear,1,7,2020450,2.02045,126704.44702912717,-0.000812530517578125,0.0,9444864,0,0,1572864,393216,0.00390625,639.59375,True
20260919T072229Z-hf-opt-layer,2026-09-19T07:22:32.512840+00:00,mn01,imbps,facebook/opt-125m,pretrained,0,captured,1,256,256,768,3072,relu,True,True,bf16,8,prepacked,1,7,1650370,1.65037,155116.73139962554,-0.0008544921875,3.963902,9444864,9444864,1966080,1572864,393216,0.00390625,639.59375,True
20260919T072229Z-hf-opt-layer,2026-09-19T07:22:32.514409+00:00,mn01,imbps,facebook/opt-125m,pretrained,0,captured,1,256,256,768,3072,relu,True,True,bf16,8,prepacked,1,8,1528524,1.528524,167481.83214656753,-0.0008544921875,3.963902,9444864,9444864,1966080,1572864,393216,0.00390625,639.59375,True
20260919T072229Z-hf-opt-layer,2026-09-19T07:22:32.516494+00:00,mn01,reference,facebook/opt-125m,pretrained,0,captured,1,256,256,768,3072,relu,True,True,bf16,8,native_linear,1,8,2053039,2.053039,124693.19871663422,-0.000812530517578125,0.0,9444864,0,0,1572864,393216,0.00390625,639.59375,True
20260919T072229Z-hf-opt-layer,2026-09-19T07:22:32.518686+00:00,mn01,reference,facebook/opt-125m,pretrained,0,captured,1,256,256,768,3072,relu,True,True,bf16,8,native_linear,1,9,2151217,2.151217,119002.40654476048,-0.000812530517578125,0.0,9444864,0,0,1572864,393216,0.00390625,639.59375,True
20260919T072229Z-hf-opt-layer,2026-09-19T07:22:32.520403+00:00,mn01,imbps,facebook/opt-125m,pretrained,0,captured,1,256,256,768,3072,relu,True,True,bf16,8,prepacked,1,9,1679503,1.679503,152426.04508595698,-0.0008544921875,3.963902,9444864,9444864,1966080,1572864,393216,0.00390625,639.59375,True
20260919T072229Z-hf-opt-layer,2026-09-19T07:22:32.522439+00:00,mn01,reference,facebook/opt-125m,pretrained,0,captured,1,256,256,768,3072,relu,True,True,bf16,8,native_linear,1,10,1996583,1.996583,128219.06226788467,-0.000812530517578125,0.0,9444864,0,0,1572864,393216,0.00390625,639.59375,True
20260919T072229Z-hf-opt-layer,2026-09-19T07:22:32.524127+00:00,mn01,imbps,facebook/opt-125m,pretrained,0,captured,1,256,256,768,3072,relu,True,True,bf16,8,prepacked,1,10,1651050,1.65105,155052.84515914114,-0.0008544921875,3.963902,9444864,9444864,1966080,1572864,393216,0.00390625,639.59375,True
20260919T072229Z-hf-opt-layer,2026-09-19T07:22:32.525691+00:00,mn01,imbps,facebook/opt-125m,pretrained,0,captured,1,256,256,768,3072,relu,True,True,bf16,8,prepacked,1,11,1524228,1.524228,167953.87566689498,-0.0008544921875,3.963902,9444864,9444864,1966080,1572864,393216,0.00390625,639.59375,True
20260919T072229Z-hf-opt-layer,2026-09-19T07:22:32.527778+00:00,mn01,reference,facebook/opt-125m,pretrained,0,captured,1,256,256,768,3072,relu,True,True,bf16,8,native_linear,1,11,2057225,2.057225,124439.47550705439,-0.000812530517578125,0.0,9444864,0,0,1572864,393216,0.00390625,639.59375,True
20260919T072229Z-hf-opt-layer,2026-09-19T07:22:32.529964+00:00,mn01,reference,facebook/opt-125m,pretrained,0,captured,1,256,256,768,3072,relu,True,True,bf16,8,native_linear,1,12,2145448,2.145448,119322.39793273946,-0.000812530517578125,0.0,9444864,0,0,1572864,393216,0.00390625,639.59375,True
20260919T072229Z-hf-opt-layer,2026-09-19T07:22:32.531689+00:00,mn01,imbps,facebook/opt-125m,pretrained,0,captured,1,256,256,768,3072,relu,True,True,bf16,8,prepacked,1,12,1684421,1.684421,151981.00712351603,-0.0008544921875,3.963902,9444864,9444864,1966080,1572864,393216,0.00390625,639.59375,True
20260919T072229Z-hf-opt-layer,2026-09-19T07:22:32.533747+00:00,mn01,reference,facebook/opt-125m,pretrained,0,captured,1,256,256,768,3072,relu,True,True,bf16,8,native_linear,1,13,2015031,2.015031,127045.19186057187,-0.000812530517578125,0.0,9444864,0,0,1572864,393216,0.00390625,639.59375,True
20260919T072229Z-hf-opt-layer,2026-09-19T07:22:32.535438+00:00,mn01,imbps,facebook/opt-125m,pretrained,0,captured,1,256,256,768,3072,relu,True,True,bf16,8,prepacked,1,13,1653894,1.653894,154786.21967308669,-0.0008544921875,3.963902,9444864,9444864,1966080,1572864,393216,0.00390625,639.59375,True
20260919T072229Z-hf-opt-layer,2026-09-19T07:22:32.537466+00:00,mn01,imbps,facebook/opt-125m,pretrained,0,captured,1,256,256,768,3072,relu,True,True,bf16,8,prepacked,1,14,1985406,1.985406,128940.88161313103,-0.0008544921875,3.963902,9444864,9444864,1966080,1572864,393216,0.00390625,639.59375,True
20260919T072229Z-hf-opt-layer,2026-09-19T07:22:32.541051+00:00,mn01,reference,facebook/opt-125m,pretrained,0,captured,1,256,256,768,3072,relu,True,True,bf16,8,native_linear,1,14,3544066,3.544066,72233.41777495114,-0.000812530517578125,0.0,9444864,0,0,1572864,393216,0.00390625,639.59375,True
20260919T072229Z-hf-opt-layer,2026-09-19T07:22:32.543269+00:00,mn01,reference,facebook/opt-125m,pretrained,0,captured,1,256,256,768,3072,relu,True,True,bf16,8,native_linear,1,15,2167673,2.167673,118098.9937135352,-0.000812530517578125,0.0,9444864,0,0,1572864,393216,0.00390625,639.59375,True
20260919T072229Z-hf-opt-layer,2026-09-19T07:22:32.545011+00:00,mn01,imbps,facebook/opt-125m,pretrained,0,captured,1,256,256,768,3072,relu,True,True,bf16,8,prepacked,1,15,1702658,1.702658,150353.1537161309,-0.0008544921875,3.963902,9444864,9444864,1966080,1572864,393216,0.00390625,639.59375,True
20260919T072229Z-hf-opt-layer,2026-09-19T07:22:32.547078+00:00,mn01,reference,facebook/opt-125m,pretrained,0,captured,1,256,256,768,3072,relu,True,True,bf16,8,native_linear,1,16,2022102,2.022102,126600.93308843965,-0.000812530517578125,0.0,9444864,0,0,1572864,393216,0.00390625,639.59375,True
20260919T072229Z-hf-opt-layer,2026-09-19T07:22:32.548779+00:00,mn01,imbps,facebook/opt-125m,pretrained,0,captured,1,256,256,768,3072,relu,True,True,bf16,8,prepacked,1,16,1660644,1.660644,154157.0619590954,-0.0008544921875,3.963902,9444864,9444864,1966080,1572864,393216,0.00390625,639.59375,True
20260919T072229Z-hf-opt-layer,2026-09-19T07:22:32.550369+00:00,mn01,imbps,facebook/opt-125m,pretrained,0,captured,1,256,256,768,3072,relu,True,True,bf16,8,prepacked,1,17,1548886,1.548886,165280.0787146375,-0.0008544921875,3.963902,9444864,9444864,1966080,1572864,393216,0.00390625,639.59375,True
20260919T072229Z-hf-opt-layer,2026-09-19T07:22:32.552453+00:00,mn01,reference,facebook/opt-125m,pretrained,0,captured,1,256,256,768,3072,relu,True,True,bf16,8,native_linear,1,17,2052488,2.052488,124726.6731888323,-0.000812530517578125,0.0,9444864,0,0,1572864,393216,0.00390625,639.59375,True
20260919T072229Z-hf-opt-layer,2026-09-19T07:22:32.554132+00:00,mn01,imbps,facebook/opt-125m,pretrained,0,captured,1,256,256,768,3072,relu,True,True,bf16,8,prepacked,1,18,1640494,1.640494,156050.55550340324,-0.0008544921875,3.963902,9444864,9444864,1966080,1572864,393216,0.00390625,639.59375,True
20260919T072229Z-hf-opt-layer,2026-09-19T07:22:32.556208+00:00,mn01,reference,facebook/opt-125m,pretrained,0,captured,1,256,256,768,3072,relu,True,True,bf16,8,native_linear,1,18,2041182,2.041182,125417.52768738898,-0.000812530517578125,0.0,9444864,0,0,1572864,393216,0.00390625,639.59375,True
20260919T072229Z-hf-opt-layer,2026-09-19T07:22:32.557887+00:00,mn01,imbps,facebook/opt-125m,pretrained,0,captured,1,256,256,768,3072,relu,True,True,bf16,8,prepacked,1,19,1638391,1.638391,156250.85831159962,-0.0008544921875,3.963902,9444864,9444864,1966080,1572864,393216,0.00390625,639.59375,True
20260919T072229Z-hf-opt-layer,2026-09-19T07:22:32.559976+00:00,mn01,reference,facebook/opt-125m,pretrained,0,captured,1,256,256,768,3072,relu,True,True,bf16,8,native_linear,1,19,2053449,2.053449,124668.30196415883,-0.000812530517578125,0.0,9444864,0,0,1572864,393216,0.00390625,639.59375,True
20260919T072229Z-hf-opt-layer,2026-09-19T07:22:32.561887+00:00,mn01,reference,facebook/opt-125m,pretrained,0,captured,1,256,256,768,3072,relu,True,True,bf16,8,native_linear,1,20,1870512,1.870512,136860.9236401584,-0.000812530517578125,0.0,9444864,0,0,1572864,393216,0.00390625,639.59375,True
20260919T072229Z-hf-opt-layer,2026-09-19T07:22:32.563500+00:00,mn01,imbps,facebook/opt-125m,pretrained,0,captured,1,256,256,768,3072,relu,True,True,bf16,8,prepacked,1,20,1581165,1.581165,161905.9364455955,-0.0008544921875,3.963902,9444864,9444864,1966080,1572864,393216,0.00390625,639.59375,True
20260919T072229Z-hf-opt-layer,2026-09-19T07:22:32.565354+00:00,mn01,reference,facebook/opt-125m,pretrained,0,captured,1,256,256,768,3072,relu,True,True,bf16,8,native_linear,1,21,1816320,1.81632,140944.32699083863,-0.000812530517578125,0.0,9444864,0,0,1572864,393216,0.00390625,639.59375,True
20260919T072229Z-hf-opt-layer,2026-09-19T07:22:32.567042+00:00,mn01,imbps,facebook/opt-125m,pretrained,0,captured,1,256,256,768,3072,relu,True,True,bf16,8,prepacked,1,21,1656448,1.656448,154547.56201220927,-0.0008544921875,3.963902,9444864,9444864,1966080,1572864,393216,0.00390625,639.59375,True
20260919T072229Z-hf-opt-layer,2026-09-19T07:22:32.568600+00:00,mn01,imbps,facebook/opt-125m,pretrained,0,captured,1,256,256,768,3072,relu,True,True,bf16,8,prepacked,1,22,1520733,1.520733,168339.87294285058,-0.0008544921875,3.963902,9444864,9444864,1966080,1572864,393216,0.00390625,639.59375,True
20260919T072229Z-hf-opt-layer,2026-09-19T07:22:32.570409+00:00,mn01,reference,facebook/opt-125m,pretrained,0,captured,1,256,256,768,3072,relu,True,True,bf16,8,native_linear,1,22,1775018,1.775018,144223.88956055656,-0.000812530517578125,0.0,9444864,0,0,1572864,393216,0.00390625,639.59375,True
20260919T072229Z-hf-opt-layer,2026-09-19T07:22:32.572274+00:00,mn01,imbps,facebook/opt-125m,pretrained,0,captured,1,256,256,768,3072,relu,True,True,bf16,8,prepacked,1,23,1827287,1.827287,140098.40818656294,-0.0008544921875,3.963902,9444864,9444864,1966080,1572864,393216,0.00390625,639.59375,True
20260919T072229Z-hf-opt-layer,2026-09-19T07:22:32.574459+00:00,mn01,reference,facebook/opt-125m,pretrained,0,captured,1,256,256,768,3072,relu,True,True,bf16,8,native_linear,1,23,2147823,2.147823,119190.45470692882,-0.000812530517578125,0.0,9444864,0,0,1572864,393216,0.00390625,639.59375,True
20260919T072229Z-hf-opt-layer,2026-09-19T07:22:32.576629+00:00,mn01,reference,facebook/opt-125m,pretrained,0,captured,1,256,256,768,3072,relu,True,True,bf16,8,native_linear,1,24,2123146,2.123146,120575.78706316005,-0.000812530517578125,0.0,9444864,0,0,1572864,393216,0.00390625,639.59375,True
20260919T072229Z-hf-opt-layer,2026-09-19T07:22:32.578357+00:00,mn01,imbps,facebook/opt-125m,pretrained,0,captured,1,256,256,768,3072,relu,True,True,bf16,8,prepacked,1,24,1690450,1.69045,151438.9659558106,-0.0008544921875,3.963902,9444864,9444864,1966080,1572864,393216,0.00390625,639.59375,True
20260919T072229Z-hf-opt-layer,2026-09-19T07:22:32.580407+00:00,mn01,reference,facebook/opt-125m,pretrained,0,captured,1,256,256,768,3072,relu,True,True,bf16,8,native_linear,1,25,2004916,2.004916,127686.14744956898,-0.000812530517578125,0.0,9444864,0,0,1572864,393216,0.00390625,639.59375,True
20260919T072229Z-hf-opt-layer,2026-09-19T07:22:32.582089+00:00,mn01,imbps,facebook/opt-125m,pretrained,0,captured,1,256,256,768,3072,relu,True,True,bf16,8,prepacked,1,25,1645942,1.645942,155534.03461361336,-0.0008544921875,3.963902,9444864,9444864,1966080,1572864,393216,0.00390625,639.59375,True
20260919T072229Z-hf-opt-layer,2026-09-19T07:22:32.584181+00:00,mn01,reference,facebook/opt-125m,pretrained,0,captured,1,256,256,768,3072,relu,True,True,bf16,8,native_linear,1,26,2051746,2.051746,124771.77974271668,-0.000812530517578125,0.0,9444864,0,0,1572864,393216,0.00390625,639.59375,True
20260919T072229Z-hf-opt-layer,2026-09-19T07:22:32.585865+00:00,mn01,imbps,facebook/opt-125m,pretrained,0,captured,1,256,256,768,3072,relu,True,True,bf16,8,prepacked,1,26,1648386,1.648386,155303.4301431825,-0.0008544921875,3.963902,9444864,9444864,1966080,1572864,393216,0.00390625,639.59375,True
20260919T072229Z-hf-opt-layer,2026-09-19T07:22:32.587958+00:00,mn01,reference,facebook/opt-125m,pretrained,0,captured,1,256,256,768,3072,relu,True,True,bf16,8,native_linear,1,27,2053700,2.0537,124653.06519939622,-0.000812530517578125,0.0,9444864,0,0,1572864,393216,0.00390625,639.59375,True
20260919T072229Z-hf-opt-layer,2026-09-19T07:22:32.589643+00:00,mn01,imbps,facebook/opt-125m,pretrained,0,captured,1,256,256,768,3072,relu,True,True,bf16,8,prepacked,1,27,1647805,1.647805,155358.18862061956,-0.0008544921875,3.963902,9444864,9444864,1966080,1572864,393216,0.00390625,639.59375,True
20260919T072229Z-hf-opt-layer,2026-09-19T07:22:32.591205+00:00,mn01,imbps,facebook/opt-125m,pretrained,0,captured,1,256,256,768,3072,relu,True,True,bf16,8,prepacked,1,28,1525310,1.52531,167834.73523414912,-0.0008544921875,3.963902,9444864,9444864,1966080,1572864,393216,0.00390625,639.59375,True
20260919T072229Z-hf-opt-layer,2026-09-19T07:22:32.593277+00:00,mn01,reference,facebook/opt-125m,pretrained,0,captured,1,256,256,768,3072,relu,True,True,bf16,8,native_linear,1,28,2040970,2.04097,125430.55507920253,-0.000812530517578125,0.0,9444864,0,0,1572864,393216,0.00390625,639.59375,True
20260919T072229Z-hf-opt-layer,2026-09-19T07:22:32.594967+00:00,mn01,imbps,facebook/opt-125m,pretrained,0,captured,1,256,256,768,3072,relu,True,True,bf16,8,prepacked,1,29,1650449,1.650449,155109.3066189867,-0.0008544921875,3.963902,9444864,9444864,1966080,1572864,393216,0.00390625,639.59375,True
20260919T072229Z-hf-opt-layer,2026-09-19T07:22:32.597048+00:00,mn01,reference,facebook/opt-125m,pretrained,0,captured,1,256,256,768,3072,relu,True,True,bf16,8,native_linear,1,29,2045287,2.045287,125165.8080259641,-0.000812530517578125,0.0,9444864,0,0,1572864,393216,0.00390625,639.59375,True
20260919T072229Z-hf-opt-layer,2026-09-19T07:22:32.689521+00:00,mn01,imbps,facebook/opt-125m,pretrained,0,captured,1,256,256,768,3072,relu,True,True,bf16,8,prepacked,2,0,1554764,1.554764,164655.21455346278,-0.00079345703125,2.001991,9444864,9444864,1179648,786432,393216,0.00390625,767.59375,True
20260919T072229Z-hf-opt-layer,2026-09-19T07:22:32.691095+00:00,mn01,reference,facebook/opt-125m,pretrained,0,captured,1,256,256,768,3072,relu,True,True,bf16,8,native_linear,2,0,1506571,1.506571,169922.2937385626,-0.000812530517578125,0.0,9444864,0,0,1572864,393216,0.00390625,767.59375,True
20260919T072229Z-hf-opt-layer,2026-09-19T07:22:32.692620+00:00,mn01,reference,facebook/opt-125m,pretrained,0,captured,1,256,256,768,3072,relu,True,True,bf16,8,native_linear,2,1,1490096,1.490096,171801.01147845507,-0.000812530517578125,0.0,9444864,0,0,1572864,393216,0.00390625,767.59375,True
20260919T072229Z-hf-opt-layer,2026-09-19T07:22:32.694233+00:00,mn01,imbps,facebook/opt-125m,pretrained,0,captured,1,256,256,768,3072,relu,True,True,bf16,8,prepacked,2,1,1585962,1.585962,161416.22560944082,-0.00079345703125,2.001991,9444864,9444864,1179648,786432,393216,0.00390625,767.59375,True
20260919T072229Z-hf-opt-layer,2026-09-19T07:22:32.695837+00:00,mn01,imbps,facebook/opt-125m,pretrained,0,captured,1,256,256,768,3072,relu,True,True,bf16,8,prepacked,2,2,1569006,1.569006,163160.62526210863,-0.00079345703125,2.001991,9444864,9444864,1179648,786432,393216,0.00390625,767.59375,True
20260919T072229Z-hf-opt-layer,2026-09-19T07:22:32.697371+00:00,mn01,reference,facebook/opt-125m,pretrained,0,captured,1,256,256,768,3072,relu,True,True,bf16,8,native_linear,2,2,1500532,1.500532,170606.15834917215,-0.000812530517578125,0.0,9444864,0,0,1572864,393216,0.00390625,767.59375,True
20260919T072229Z-hf-opt-layer,2026-09-19T07:22:32.698891+00:00,mn01,reference,facebook/opt-125m,pretrained,0,captured,1,256,256,768,3072,relu,True,True,bf16,8,native_linear,2,3,1491038,1.491038,171692.47195577846,-0.000812530517578125,0.0,9444864,0,0,1572864,393216,0.00390625,767.59375,True
20260919T072229Z-hf-opt-layer,2026-09-19T07:22:32.700509+00:00,mn01,imbps,facebook/opt-125m,pretrained,0,captured,1,256,256,768,3072,relu,True,True,bf16,8,prepacked,2,3,1591130,1.59113,160891.94471853337,-0.00079345703125,2.001991,9444864,9444864,1179648,786432,393216,0.00390625,767.59375,True
20260919T072229Z-hf-opt-layer,2026-09-19T07:22:32.702105+00:00,mn01,imbps,facebook/opt-125m,pretrained,0,captured,1,256,256,768,3072,relu,True,True,bf16,8,prepacked,2,4,1562436,1.562436,163846.71116128916,-0.00079345703125,2.001991,9444864,9444864,1179648,786432,393216,0.00390625,767.59375,True
20260919T072229Z-hf-opt-layer,2026-09-19T07:22:32.703646+00:00,mn01,reference,facebook/opt-125m,pretrained,0,captured,1,256,256,768,3072,relu,True,True,bf16,8,native_linear,2,4,1513302,1.513302,169166.49816097514,-0.000812530517578125,0.0,9444864,0,0,1572864,393216,0.00390625,767.59375,True
20260919T072229Z-hf-opt-layer,2026-09-19T07:22:32.705251+00:00,mn01,imbps,facebook/opt-125m,pretrained,0,captured,1,256,256,768,3072,relu,True,True,bf16,8,prepacked,2,5,1574214,1.574214,162620.83808173475,-0.00079345703125,2.001991,9444864,9444864,1179648,786432,393216,0.00390625,767.59375,True
20260919T072229Z-hf-opt-layer,2026-09-19T07:22:32.706782+00:00,mn01,reference,facebook/opt-125m,pretrained,0,captured,1,256,256,768,3072,relu,True,True,bf16,8,native_linear,2,5,1502285,1.502285,170407.07988164696,-0.000812530517578125,0.0,9444864,0,0,1572864,393216,0.00390625,767.59375,True
20260919T072229Z-hf-opt-layer,2026-09-19T07:22:32.708388+00:00,mn01,imbps,facebook/opt-125m,pretrained,0,captured,1,256,256,768,3072,relu,True,True,bf16,8,prepacked,2,6,1575536,1.575536,162484.38626600726,-0.00079345703125,2.001991,9444864,9444864,1179648,786432,393216,0.00390625,767.59375,True
20260919T072229Z-hf-opt-layer,2026-09-19T07:22:32.709904+00:00,mn01,reference,facebook/opt-125m,pretrained,0,captured,1,256,256,768,3072,relu,True,True,bf16,8,native_linear,2,6,1489095,1.489095,171916.49961889605,-0.000812530517578125,0.0,9444864,0,0,1572864,393216,0.00390625,767.59375,True
20260919T072229Z-hf-opt-layer,2026-09-19T07:22:32.711513+00:00,mn01,imbps,facebook/opt-125m,pretrained,0,captured,1,256,256,768,3072,relu,True,True,bf16,8,prepacked,2,7,1577839,1.577839,162247.22547737762,-0.00079345703125,2.001991,9444864,9444864,1179648,786432,393216,0.00390625,767.59375,True
20260919T072229Z-hf-opt-layer,2026-09-19T07:22:32.713042+00:00,mn01,reference,facebook/opt-125m,pretrained,0,captured,1,256,256,768,3072,relu,True,True,bf16,8,native_linear,2,7,1499591,1.499591,170713.2144698121,-0.000812530517578125,0.0,9444864,0,0,1572864,393216,0.00390625,767.59375,True
20260919T072229Z-hf-opt-layer,2026-09-19T07:22:32.714644+00:00,mn01,imbps,facebook/opt-125m,pretrained,0,captured,1,256,256,768,3072,relu,True,True,bf16,8,prepacked,2,8,1572812,1.572812,162765.79781944695,-0.00079345703125,2.001991,9444864,9444864,1179648,786432,393216,0.00390625,767.59375,True
20260919T072229Z-hf-opt-layer,2026-09-19T07:22:32.716169+00:00,mn01,reference,facebook/opt-125m,pretrained,0,captured,1,256,256,768,3072,relu,True,True,bf16,8,native_linear,2,8,1496376,1.496376,171079.9959368501,-0.000812530517578125,0.0,9444864,0,0,1572864,393216,0.00390625,767.59375,True
20260919T072229Z-hf-opt-layer,2026-09-19T07:22:32.717765+00:00,mn01,imbps,facebook/opt-125m,pretrained,0,captured,1,256,256,768,3072,relu,True,True,bf16,8,prepacked,2,9,1568044,1.568044,163260.72482659927,-0.00079345703125,2.001991,9444864,9444864,1179648,786432,393216,0.00390625,767.59375,True
20260919T072229Z-hf-opt-layer,2026-09-19T07:22:32.719289+00:00,mn01,reference,facebook/opt-125m,pretrained,0,captured,1,256,256,768,3072,relu,True,True,bf16,8,native_linear,2,9,1496266,1.496266,171092.57311200013,-0.000812530517578125,0.0,9444864,0,0,1572864,393216,0.00390625,767.59375,True
20260919T072229Z-hf-opt-layer,2026-09-19T07:22:32.720888+00:00,mn01,imbps,facebook/opt-125m,pretrained,0,captured,1,256,256,768,3072,relu,True,True,bf16,8,prepacked,2,10,1570068,1.570068,163050.26279116573,-0.00079345703125,2.001991,9444864,9444864,1179648,786432,393216,0.00390625,767.59375,True
20260919T072229Z-hf-opt-layer,2026-09-19T07:22:32.722411+00:00,mn01,reference,facebook/opt-125m,pretrained,0,captured,1,256,256,768,3072,relu,True,True,bf16,8,native_linear,2,10,1496546,1.496546,171060.56212104406,-0.000812530517578125,0.0,9444864,0,0,1572864,393216,0.00390625,767.59375,True
20260919T072229Z-hf-opt-layer,2026-09-19T07:22:32.724012+00:00,mn01,imbps,facebook/opt-125m,pretrained,0,captured,1,256,256,768,3072,relu,True,True,bf16,8,prepacked,2,11,1572662,1.572662,162781.322369333,-0.00079345703125,2.001991,9444864,9444864,1179648,786432,393216,0.00390625,767.59375,True
20260919T072229Z-hf-opt-layer,2026-09-19T07:22:32.725532+00:00,mn01,reference,facebook/opt-125m,pretrained,0,captured,1,256,256,768,3072,relu,True,True,bf16,8,native_linear,2,11,1493342,1.493342,171427.5765363862,-0.000812530517578125,0.0,9444864,0,0,1572864,393216,0.00390625,767.59375,True
20260919T072229Z-hf-opt-layer,2026-09-19T07:22:32.727136+00:00,mn01,imbps,facebook/opt-125m,pretrained,0,captured,1,256,256,768,3072,relu,True,True,bf16,8,prepacked,2,12,1578350,1.57835,162194.69699369595,-0.00079345703125,2.001991,9444864,9444864,1179648,786432,393216,0.00390625,767.59375,True
20260919T072229Z-hf-opt-layer,2026-09-19T07:22:32.728656+00:00,mn01,reference,facebook/opt-125m,pretrained,0,captured,1,256,256,768,3072,relu,True,True,bf16,8,native_linear,2,12,1491809,1.491809,171603.73747577606,-0.000812530517578125,0.0,9444864,0,0,1572864,393216,0.00390625,767.59375,True
20260919T072229Z-hf-opt-layer,2026-09-19T07:22:32.730252+00:00,mn01,imbps,facebook/opt-125m,pretrained,0,captured,1,256,256,768,3072,relu,True,True,bf16,8,prepacked,2,13,1568906,1.568906,163171.02490525247,-0.00079345703125,2.001991,9444864,9444864,1179648,786432,393216,0.00390625,767.59375,True
20260919T072229Z-hf-opt-layer,2026-09-19T07:22:32.731779+00:00,mn01,reference,facebook/opt-125m,pretrained,0,captured,1,256,256,768,3072,relu,True,True,bf16,8,native_linear,2,13,1500482,1.500482,170611.8433943226,-0.000812530517578125,0.0,9444864,0,0,1572864,393216,0.00390625,767.59375,True
20260919T072229Z-hf-opt-layer,2026-09-19T07:22:32.733374+00:00,mn01,imbps,facebook/opt-125m,pretrained,0,captured,1,256,256,768,3072,relu,True,True,bf16,8,prepacked,2,14,1567994,1.567994,163265.93086453137,-0.00079345703125,2.001991,9444864,9444864,1179648,786432,393216,0.00390625,767.59375,True
20260919T072229Z-hf-opt-layer,2026-09-19T07:22:32.734896+00:00,mn01,reference,facebook/opt-125m,pretrained,0,captured,1,256,256,768,3072,relu,True,True,bf16,8,native_linear,2,14,1496025,1.496025,171120.13502448154,-0.000812530517578125,0.0,9444864,0,0,1572864,393216,0.00390625,767.59375,True
20260919T072229Z-hf-opt-layer,2026-09-19T07:22:32.736494+00:00,mn01,imbps,facebook/opt-125m,pretrained,0,captured,1,256,256,768,3072,relu,True,True,bf16,8,prepacked,2,15,1570359,1.570359,163020.04828195338,-0.00079345703125,2.001991,9444864,9444864,1179648,786432,393216,0.00390625,767.59375,True
20260919T072229Z-hf-opt-layer,2026-09-19T07:22:32.738021+00:00,mn01,reference,facebook/opt-125m,pretrained,0,captured,1,256,256,768,3072,relu,True,True,bf16,8,native_linear,2,15,1497278,1.497278,170976.93280740114,-0.000812530517578125,0.0,9444864,0,0,1572864,393216,0.00390625,767.59375,True
20260919T072229Z-hf-opt-layer,2026-09-19T07:22:32.739551+00:00,mn01,reference,facebook/opt-125m,pretrained,0,captured,1,256,256,768,3072,relu,True,True,bf16,8,native_linear,2,16,1502525,1.502525,170379.8605680438,-0.000812530517578125,0.0,9444864,0,0,1572864,393216,0.00390625,767.59375,True
20260919T072229Z-hf-opt-layer,2026-09-19T07:22:32.741168+00:00,mn01,imbps,facebook/opt-125m,pretrained,0,captured,1,256,256,768,3072,relu,True,True,bf16,8,prepacked,2,16,1588987,1.588987,161108.93292393204,-0.00079345703125,2.001991,9444864,9444864,1179648,786432,393216,0.00390625,767.59375,True
20260919T072229Z-hf-opt-layer,2026-09-19T07:22:32.742776+00:00,mn01,imbps,facebook/opt-125m,pretrained,0,captured,1,256,256,768,3072,relu,True,True,bf16,8,prepacked,2,17,1575896,1.575896,162447.2680938336,-0.00079345703125,2.001991,9444864,9444864,1179648,786432,393216,0.00390625,767.59375,True
20260919T072229Z-hf-opt-layer,2026-09-19T07:22:32.744299+00:00,mn01,reference,facebook/opt-125m,pretrained,0,captured,1,256,256,768,3072,relu,True,True,bf16,8,native_linear,2,17,1494623,1.494623,171280.65070589707,-0.000812530517578125,0.0,9444864,0,0,1572864,393216,0.00390625,767.59375,True
20260919T072229Z-hf-opt-layer,2026-09-19T07:22:32.745902+00:00,mn01,imbps,facebook/opt-125m,pretrained,0,captured,1,256,256,768,3072,relu,True,True,bf16,8,prepacked,2,18,1574624,1.574624,162578.4949295832,-0.00079345703125,2.001991,9444864,9444864,1179648,786432,393216,0.00390625,767.59375,True
20260919T072229Z-hf-opt-layer,2026-09-19T07:22:32.747433+00:00,mn01,reference,facebook/opt-125m,pretrained,0,captured,1,256,256,768,3072,relu,True,True,bf16,8,native_linear,2,18,1502735,1.502735,170356.0508007067,-0.000812530517578125,0.0,9444864,0,0,1572864,393216,0.00390625,767.59375,True
20260919T072229Z-hf-opt-layer,2026-09-19T07:22:32.748951+00:00,mn01,reference,facebook/opt-125m,pretrained,0,captured,1,256,256,768,3072,relu,True,True,bf16,8,native_linear,2,19,1489085,1.489085,171917.65412988514,-0.000812530517578125,0.0,9444864,0,0,1572864,393216,0.00390625,767.59375,True
20260919T072229Z-hf-opt-layer,2026-09-19T07:22:32.750557+00:00,mn01,imbps,facebook/opt-125m,pretrained,0,captured,1,256,256,768,3072,relu,True,True,bf16,8,prepacked,2,19,1584069,1.584069,161609.12182487,-0.00079345703125,2.001991,9444864,9444864,1179648,786432,393216,0.00390625,767.59375,True
20260919T072229Z-hf-opt-layer,2026-09-19T07:22:32.752151+00:00,mn01,imbps,facebook/opt-125m,pretrained,0,captured,1,256,256,768,3072,relu,True,True,bf16,8,prepacked,2,20,1561504,1.561504,163944.50478513024,-0.00079345703125,2.001991,9444864,9444864,1179648,786432,393216,0.00390625,767.59375,True
20260919T072229Z-hf-opt-layer,2026-09-19T07:22:32.753673+00:00,mn01,reference,facebook/opt-125m,pretrained,0,captured,1,256,256,768,3072,relu,True,True,bf16,8,native_linear,2,20,1497989,1.497989,170895.7809436518,-0.000812530517578125,0.0,9444864,0,0,1572864,393216,0.00390625,767.59375,True
20260919T072229Z-hf-opt-layer,2026-09-19T07:22:32.755191+00:00,mn01,reference,facebook/opt-125m,pretrained,0,captured,1,256,256,768,3072,relu,True,True,bf16,8,native_linear,2,21,1491508,1.491508,171638.36868457965,-0.000812530517578125,0.0,9444864,0,0,1572864,393216,0.00390625,767.59375,True
20260919T072229Z-hf-opt-layer,2026-09-19T07:22:32.756796+00:00,mn01,imbps,facebook/opt-125m,pretrained,0,captured,1,256,256,768,3072,relu,True,True,bf16,8,prepacked,2,21,1579531,1.579531,162073.42559278672,-0.00079345703125,2.001991,9444864,9444864,1179648,786432,393216,0.00390625,767.59375,True
20260919T072229Z-hf-opt-layer,2026-09-19T07:22:32.758323+00:00,mn01,reference,facebook/opt-125m,pretrained,0,captured,1,256,256,768,3072,relu,True,True,bf16,8,native_linear,2,22,1498208,1.498208,170870.80031611098,-0.000812530517578125,0.0,9444864,0,0,1572864,393216,0.00390625,767.59375,True
20260919T072229Z-hf-opt-layer,2026-09-19T07:22:32.759919+00:00,mn01,imbps,facebook/opt-125m,pretrained,0,captured,1,256,256,768,3072,relu,True,True,bf16,8,prepacked,2,22,1571520,1.57152,162899.61311341886,-0.00079345703125,2.001991,9444864,9444864,1179648,786432,393216,0.00390625,767.59375,True
20260919T072229Z-hf-opt-layer,2026-09-19T07:22:32.761441+00:00,mn01,reference,facebook/opt-125m,pretrained,0,captured,1,256,256,768,3072,relu,True,True,bf16,8,native_linear,2,23,1492851,1.492851,171483.95921629152,-0.000812530517578125,0.0,9444864,0,0,1572864,393216,0.00390625,767.59375,True
20260919T072229Z-hf-opt-layer,2026-09-19T07:22:32.763042+00:00,mn01,imbps,facebook/opt-125m,pretrained,0,captured,1,256,256,768,3072,relu,True,True,bf16,8,prepacked,2,23,1577229,1.577229,162309.97527942993,-0.00079345703125,2.001991,9444864,9444864,1179648,786432,393216,0.00390625,767.59375,True
20260919T072229Z-hf-opt-layer,2026-09-19T07:22:32.764634+00:00,mn01,imbps,facebook/opt-125m,pretrained,0,captured,1,256,256,768,3072,relu,True,True,bf16,8,prepacked,2,24,1560953,1.560953,164002.37547190723,-0.00079345703125,2.001991,9444864,9444864,1179648,786432,393216,0.00390625,767.59375,True
20260919T072229Z-hf-opt-layer,2026-09-19T07:22:32.766159+00:00,mn01,reference,facebook/opt-125m,pretrained,0,captured,1,256,256,768,3072,relu,True,True,bf16,8,native_linear,2,24,1497898,1.497898,170906.1631699889,-0.000812530517578125,0.0,9444864,0,0,1572864,393216,0.00390625,767.59375,True
20260919T072229Z-hf-opt-layer,2026-09-19T07:22:32.767675+00:00,mn01,reference,facebook/opt-125m,pretrained,0,captured,1,256,256,768,3072,relu,True,True,bf16,8,native_linear,2,25,1490016,1.490016,171810.23559478557,-0.000812530517578125,0.0,9444864,0,0,1572864,393216,0.00390625,767.59375,True
20260919T072229Z-hf-opt-layer,2026-09-19T07:22:32.769278+00:00,mn01,imbps,facebook/opt-125m,pretrained,0,captured,1,256,256,768,3072,relu,True,True,bf16,8,prepacked,2,25,1577078,1.577078,162325.51592248448,-0.00079345703125,2.001991,9444864,9444864,1179648,786432,393216,0.00390625,767.59375,True
20260919T072229Z-hf-opt-layer,2026-09-19T07:22:32.770805+00:00,mn01,reference,facebook/opt-125m,pretrained,0,captured,1,256,256,768,3072,relu,True,True,bf16,8,native_linear,2,26,1498789,1.498789,170804.56288376817,-0.000812530517578125,0.0,9444864,0,0,1572864,393216,0.00390625,767.59375,True
20260919T072229Z-hf-opt-layer,2026-09-19T07:22:32.772401+00:00,mn01,imbps,facebook/opt-125m,pretrained,0,captured,1,256,256,768,3072,relu,True,True,bf16,8,prepacked,2,26,1570969,1.570969,162956.7483508586,-0.00079345703125,2.001991,9444864,9444864,1179648,786432,393216,0.00390625,767.59375,True
20260919T072229Z-hf-opt-layer,2026-09-19T07:22:32.773985+00:00,mn01,imbps,facebook/opt-125m,pretrained,0,captured,1,256,256,768,3072,relu,True,True,bf16,8,prepacked,2,27,1556297,1.556297,164493.02414641934,-0.00079345703125,2.001991,9444864,9444864,1179648,786432,393216,0.00390625,767.59375,True
20260919T072229Z-hf-opt-layer,2026-09-19T07:22:32.775515+00:00,mn01,reference,facebook/opt-125m,pretrained,0,captured,1,256,256,768,3072,relu,True,True,bf16,8,native_linear,2,27,1504558,1.504558,170149.638631412,-0.000812530517578125,0.0,9444864,0,0,1572864,393216,0.00390625,767.59375,True
20260919T072229Z-hf-opt-layer,2026-09-19T07:22:32.777027+00:00,mn01,reference,facebook/opt-125m,pretrained,0,captured,1,256,256,768,3072,relu,True,True,bf16,8,native_linear,2,28,1481934,1.481934,172747.23435726555,-0.000812530517578125,0.0,9444864,0,0,1572864,393216,0.00390625,767.59375,True
20260919T072229Z-hf-opt-layer,2026-09-19T07:22:32.778634+00:00,mn01,imbps,facebook/opt-125m,pretrained,0,captured,1,256,256,768,3072,relu,True,True,bf16,8,prepacked,2,28,1583338,1.583338,161683.73398478405,-0.00079345703125,2.001991,9444864,9444864,1179648,786432,393216,0.00390625,767.59375,True
20260919T072229Z-hf-opt-layer,2026-09-19T07:22:32.780163+00:00,mn01,reference,facebook/opt-125m,pretrained,0,captured,1,256,256,768,3072,relu,True,True,bf16,8,native_linear,2,29,1498489,1.498489,170838.75824246957,-0.000812530517578125,0.0,9444864,0,0,1572864,393216,0.00390625,767.59375,True
20260919T072229Z-hf-opt-layer,2026-09-19T07:22:32.781761+00:00,mn01,imbps,facebook/opt-125m,pretrained,0,captured,1,256,256,768,3072,relu,True,True,bf16,8,prepacked,2,29,1573102,1.573102,162735.79208468364,-0.00079345703125,2.001991,9444864,9444864,1179648,786432,393216,0.00390625,767.59375,True
20260919T072229Z-hf-opt-layer,2026-09-19T07:22:32.876041+00:00,mn01,imbps,facebook/opt-125m,pretrained,0,captured,1,256,256,768,3072,relu,True,True,bf16,8,prepacked,4,0,1704981,1.704981,150148.3007728532,-0.00054931640625,2.071327,9444864,9444864,786432,393216,393216,1.0,767.59375,True
20260919T072229Z-hf-opt-layer,2026-09-19T07:22:32.877607+00:00,mn01,reference,facebook/opt-125m,pretrained,0,captured,1,256,256,768,3072,relu,True,True,bf16,8,native_linear,4,0,1499240,1.49924,170753.18161201675,-0.000812530517578125,0.0,9444864,0,0,1572864,393216,1.0,767.59375,True
20260919T072229Z-hf-opt-layer,2026-09-19T07:22:32.879376+00:00,mn01,imbps,facebook/opt-125m,pretrained,0,captured,1,256,256,768,3072,relu,True,True,bf16,8,prepacked,4,1,1733856,1.733856,147647.78620600558,-0.00054931640625,2.071327,9444864,9444864,786432,393216,393216,1.0,767.59375,True
20260919T072229Z-hf-opt-layer,2026-09-19T07:22:32.880890+00:00,mn01,reference,facebook/opt-125m,pretrained,0,captured,1,256,256,768,3072,relu,True,True,bf16,8,native_linear,4,1,1481383,1.481383,172811.48764364113,-0.000812530517578125,0.0,9444864,0,0,1572864,393216,1.0,767.59375,True
20260919T072229Z-hf-opt-layer,2026-09-19T07:22:32.882657+00:00,mn01,imbps,facebook/opt-125m,pretrained,0,captured,1,256,256,768,3072,relu,True,True,bf16,8,prepacked,4,2,1734056,1.734056,147630.75702284125,-0.00054931640625,2.071327,9444864,9444864,786432,393216,393216,1.0,767.59375,True
20260919T072229Z-hf-opt-layer,2026-09-19T07:22:32.884162+00:00,mn01,reference,facebook/opt-125m,pretrained,0,captured,1,256,256,768,3072,relu,True,True,bf16,8,native_linear,4,2,1475455,1.475455,173505.79990579176,-0.000812530517578125,0.0,9444864,0,0,1572864,393216,1.0,767.59375,True
20260919T072229Z-hf-opt-layer,2026-09-19T07:22:32.885670+00:00,mn01,reference,facebook/opt-125m,pretrained,0,captured,1,256,256,768,3072,relu,True,True,bf16,8,native_linear,4,3,1478649,1.478649,173131.01351301087,-0.000812530517578125,0.0,9444864,0,0,1572864,393216,1.0,767.59375,True
20260919T072229Z-hf-opt-layer,2026-09-19T07:22:32.887441+00:00,mn01,imbps,facebook/opt-125m,pretrained,0,captured,1,256,256,768,3072,relu,True,True,bf16,8,prepacked,4,3,1746816,1.746816,146552.35582911994,-0.00054931640625,2.071327,9444864,9444864,786432,393216,393216,1.0,767.59375,True
20260919T072229Z-hf-opt-layer,2026-09-19T07:22:32.889174+00:00,mn01,imbps,facebook/opt-125m,pretrained,0,captured,1,256,256,768,3072,relu,True,True,bf16,8,prepacked,4,4,1697340,1.69734,150824.23085533833,-0.00054931640625,2.071327,9444864,9444864,786432,393216,393216,1.0,767.59375,True
20260919T072229Z-hf-opt-layer,2026-09-19T07:22:32.890703+00:00,mn01,reference,facebook/opt-125m,pretrained,0,captured,1,256,256,768,3072,relu,True,True,bf16,8,native_linear,4,4,1500061,1.500061,170659.7265044555,-0.000812530517578125,0.0,9444864,0,0,1572864,393216,1.0,767.59375,True
20260919T072229Z-hf-opt-layer,2026-09-19T07:22:32.892461+00:00,mn01,imbps,facebook/opt-125m,pretrained,0,captured,1,256,256,768,3072,relu,True,True,bf16,8,prepacked,4,5,1726965,1.726965,148236.93589621098,-0.00054931640625,2.071327,9444864,9444864,786432,393216,393216,1.0,767.59375,True
20260919T072229Z-hf-opt-layer,2026-09-19T07:22:32.893964+00:00,mn01,reference,facebook/opt-125m,pretrained,0,captured,1,256,256,768,3072,relu,True,True,bf16,8,native_linear,4,5,1474103,1.474103,173664.93386147372,-0.000812530517578125,0.0,9444864,0,0,1572864,393216,1.0,767.59375,True
20260919T072229Z-hf-opt-layer,2026-09-19T07:22:32.895722+00:00,mn01,imbps,facebook/opt-125m,pretrained,0,captured,1,256,256,768,3072,relu,True,True,bf16,8,prepacked,4,6,1729469,1.729469,148022.31205069303,-0.00054931640625,2.071327,9444864,9444864,786432,393216,393216,1.0,767.59375,True
20260919T072229Z-hf-opt-layer,2026-09-19T07:22:32.897230+00:00,mn01,reference,facebook/opt-125m,pretrained,0,captured,1,256,256,768,3072,relu,True,True,bf16,8,native_linear,4,6,1477388,1.477388,173278.78661529673,-0.000812530517578125,0.0,9444864,0,0,1572864,393216,1.0,767.59375,True
20260919T072229Z-hf-opt-layer,2026-09-19T07:22:32.898747+00:00,mn01,reference,facebook/opt-125m,pretrained,0,captured,1,256,256,768,3072,relu,True,True,bf16,8,native_linear,4,7,1486301,1.486301,172239.6741978913,-0.000812530517578125,0.0,9444864,0,0,1572864,393216,1.0,767.59375,True
20260919T072229Z-hf-opt-layer,2026-09-19T07:22:32.900517+00:00,mn01,imbps,facebook/opt-125m,pretrained,0,captured,1,256,256,768,3072,relu,True,True,bf16,8,prepacked,4,7,1744111,1.744111,146779.6487723545,-0.00054931640625,2.071327,9444864,9444864,786432,393216,393216,1.0,767.59375,True
20260919T072229Z-hf-opt-layer,2026-09-19T07:22:32.902246+00:00,mn01,imbps,facebook/opt-125m,pretrained,0,captured,1,256,256,768,3072,relu,True,True,bf16,8,prepacked,4,8,1698252,1.698252,150743.23480849722,-0.00054931640625,2.071327,9444864,9444864,786432,393216,393216,1.0,767.59375,True
20260919T072229Z-hf-opt-layer,2026-09-19T07:22:32.903772+00:00,mn01,reference,facebook/opt-125m,pretrained,0,captured,1,256,256,768,3072,relu,True,True,bf16,8,native_linear,4,8,1498199,1.498199,170871.82677334588,-0.000812530517578125,0.0,9444864,0,0,1572864,393216,1.0,767.59375,True
20260919T072229Z-hf-opt-layer,2026-09-19T07:22:32.905527+00:00,mn01,imbps,facebook/opt-125m,pretrained,0,captured,1,256,256,768,3072,relu,True,True,bf16,8,prepacked,4,9,1723870,1.72387,148503.07737822458,-0.00054931640625,2.071327,9444864,9444864,786432,393216,393216,1.0,767.59375,True
20260919T072229Z-hf-opt-layer,2026-09-19T07:22:32.907046+00:00,mn01,reference,facebook/opt-125m,pretrained,0,captured,1,256,256,768,3072,relu,True,True,bf16,8,native_linear,4,9,1486531,1.486531,172213.0248208749,-0.000812530517578125,0.0,9444864,0,0,1572864,393216,1.0,767.59375,True
20260919T072229Z-hf-opt-layer,2026-09-19T07:22:32.908801+00:00,mn01,imbps,facebook/opt-125m,pretrained,0,captured,1,256,256,768,3072,relu,True,True,bf16,8,prepacked,4,10,1723099,1.723099,148569.52502438918,-0.00054931640625,2.071327,9444864,9444864,786432,393216,393216,1.0,767.59375,True
20260919T072229Z-hf-opt-layer,2026-09-19T07:22:32.910320+00:00,mn01,reference,facebook/opt-125m,pretrained,0,captured,1,256,256,768,3072,relu,True,True,bf16,8,native_linear,4,10,1489185,1.489185,171906.1097177315,-0.000812530517578125,0.0,9444864,0,0,1572864,393216,1.0,767.59375,True
20260919T072229Z-hf-opt-layer,2026-09-19T07:22:32.911839+00:00,mn01,reference,facebook/opt-125m,pretrained,0,captured,1,256,256,768,3072,relu,True,True,bf16,8,native_linear,4,11,1486922,1.486922,172167.73980074274,-0.000812530517578125,0.0,9444864,0,0,1572864,393216,1.0,767.59375,True
20260919T072229Z-hf-opt-layer,2026-09-19T07:22:32.913609+00:00,mn01,imbps,facebook/opt-125m,pretrained,0,captured,1,256,256,768,3072,relu,True,True,bf16,8,prepacked,4,11,1744322,1.744322,146761.89373292317,-0.00054931640625,2.071327,9444864,9444864,786432,393216,393216,1.0,767.59375,True
20260919T072229Z-hf-opt-layer,2026-09-19T07:22:32.915143+00:00,mn01,reference,facebook/opt-125m,pretrained,0,captured,1,256,256,768,3072,relu,True,True,bf16,8,native_linear,4,12,1500502,1.500502,170609.5693307973,-0.000812530517578125,0.0,9444864,0,0,1572864,393216,1.0,767.59375,True
20260919T072229Z-hf-opt-layer,2026-09-19T07:22:32.916898+00:00,mn01,imbps,facebook/opt-125m,pretrained,0,captured,1,256,256,768,3072,relu,True,True,bf16,8,prepacked,4,12,1726344,1.726344,148290.25964697648,-0.00054931640625,2.071327,9444864,9444864,786432,393216,393216,1.0,767.59375,True
20260919T072229Z-hf-opt-layer,2026-09-19T07:22:32.918640+00:00,mn01,imbps,facebook/opt-125m,pretrained,0,captured,1,256,256,768,3072,relu,True,True,bf16,8,prepacked,4,13,1710500,1.7105,149663.84098216897,-0.00054931640625,2.071327,9444864,9444864,786432,393216,393216,1.0,767.59375,True
20260919T072229Z-hf-opt-layer,2026-09-19T07:22:32.920152+00:00,mn01,reference,facebook/opt-125m,pretrained,0,captured,1,256,256,768,3072,relu,True,True,bf16,8,native_linear,4,13,1482325,1.482325,172701.66798778943,-0.000812530517578125,0.0,9444864,0,0,1572864,393216,1.0,767.59375,True
20260919T072229Z-hf-opt-layer,2026-09-19T07:22:32.921895+00:00,mn01,imbps,facebook/opt-125m,pretrained,0,captured,1,256,256,768,3072,relu,True,True,bf16,8,prepacked,4,14,1714226,1.714226,149338.53529231268,-0.00054931640625,2.071327,9444864,9444864,786432,393216,393216,1.0,767.59375,True
20260919T072229Z-hf-opt-layer,2026-09-19T07:22:32.923412+00:00,mn01,reference,facebook/opt-125m,pretrained,0,captured,1,256,256,768,3072,relu,True,True,bf16,8,native_linear,4,14,1487643,1.487643,172084.29710622775,-0.000812530517578125,0.0,9444864,0,0,1572864,393216,1.0,767.59375,True
20260919T072229Z-hf-opt-layer,2026-09-19T07:22:32.925159+00:00,mn01,imbps,facebook/opt-125m,pretrained,0,captured,1,256,256,768,3072,relu,True,True,bf16,8,prepacked,4,15,1716359,1.716359,149152.94527543482,-0.00054931640625,2.071327,9444864,9444864,786432,393216,393216,1.0,767.59375,True
20260919T072229Z-hf-opt-layer,2026-09-19T07:22:32.926665+00:00,mn01,reference,facebook/opt-125m,pretrained,0,captured,1,256,256,768,3072,relu,True,True,bf16,8,native_linear,4,15,1477878,1.477878,173221.33491397803,-0.000812530517578125,0.0,9444864,0,0,1572864,393216,1.0,767.59375,True
20260919T072229Z-hf-opt-layer,2026-09-19T07:22:32.928413+00:00,mn01,imbps,facebook/opt-125m,pretrained,0,captured,1,256,256,768,3072,relu,True,True,bf16,8,prepacked,4,16,1717982,1.717982,149012.03854289508,-0.00054931640625,2.071327,9444864,9444864,786432,393216,393216,1.0,767.59375,True
20260919T072229Z-hf-opt-layer,2026-09-19T07:22:32.929916+00:00,mn01,reference,facebook/opt-125m,pretrained,0,captured,1,256,256,768,3072,relu,True,True,bf16,8,native_linear,4,16,1475304,1.475304,173523.55853437664,-0.000812530517578125,0.0,9444864,0,0,1572864,393216,1.0,767.59375,True
20260919T072229Z-hf-opt-layer,2026-09-19T07:22:32.931472+00:00,mn01,reference,facebook/opt-125m,pretrained,0,captured,1,256,256,768,3072,relu,True,True,bf16,8,native_linear,4,17,1530017,1.530017,167318.4023445491,-0.000812530517578125,0.0,9444864,0,0,1572864,393216,1.0,767.59375,True
20260919T072229Z-hf-opt-layer,2026-09-19T07:22:32.933243+00:00,mn01,imbps,facebook/opt-125m,pretrained,0,captured,1,256,256,768,3072,relu,True,True,bf16,8,prepacked,4,17,1739243,1.739243,147190.47309662882,-0.00054931640625,2.071327,9444864,9444864,786432,393216,393216,1.0,767.59375,True
20260919T072229Z-hf-opt-layer,2026-09-19T07:22:32.934986+00:00,mn01,imbps,facebook/opt-125m,pretrained,0,captured,1,256,256,768,3072,relu,True,True,bf16,8,prepacked,4,18,1710841,1.710841,149634.01040774683,-0.00054931640625,2.071327,9444864,9444864,786432,393216,393216,1.0,767.59375,True
20260919T072229Z-hf-opt-layer,2026-09-19T07:22:32.936508+00:00,mn01,reference,facebook/opt-125m,pretrained,0,captured,1,256,256,768,3072,relu,True,True,bf16,8,native_linear,4,18,1494623,1.494623,171280.65070589707,-0.000812530517578125,0.0,9444864,0,0,1572864,393216,1.0,767.59375,True
20260919T072229Z-hf-opt-layer,2026-09-19T07:22:32.938257+00:00,mn01,imbps,facebook/opt-125m,pretrained,0,captured,1,256,256,768,3072,relu,True,True,bf16,8,prepacked,4,19,1720576,1.720576,148787.38282993602,-0.00054931640625,2.071327,9444864,9444864,786432,393216,393216,1.0,767.59375,True
20260919T072229Z-hf-opt-layer,2026-09-19T07:22:32.939772+00:00,mn01,reference,facebook/opt-125m,pretrained,0,captured,1,256,256,768,3072,relu,True,True,bf16,8,native_linear,4,19,1486331,1.486331,172236.1977244638,-0.000812530517578125,0.0,9444864,0,0,1572864,393216,1.0,767.59375,True
20260919T072229Z-hf-opt-layer,2026-09-19T07:22:32.941521+00:00,mn01,imbps,facebook/opt-125m,pretrained,0,captured,1,256,256,768,3072,relu,True,True,bf16,8,prepacked,4,20,1719224,1.719224,148904.38942220443,-0.00054931640625,2.071327,9444864,9444864,786432,393216,393216,1.0,767.59375,True
20260919T072229Z-hf-opt-layer,2026-09-19T07:22:32.943033+00:00,mn01,reference,facebook/opt-125m,pretrained,0,captured,1,256,256,768,3072,relu,True,True,bf16,8,native_linear,4,20,1484588,1.484588,172438.41388991423,-0.000812530517578125,0.0,9444864,0,0,1572864,393216,1.0,767.59375,True
20260919T072229Z-hf-opt-layer,2026-09-19T07:22:32.944776+00:00,mn01,imbps,facebook/opt-125m,pretrained,0,captured,1,256,256,768,3072,relu,True,True,bf16,8,prepacked,4,21,1713865,1.713865,149369.99121867825,-0.00054931640625,2.071327,9444864,9444864,786432,393216,393216,1.0,767.59375,True
20260919T072229Z-hf-opt-layer,2026-09-19T07:22:32.946281+00:00,mn01,reference,facebook/opt-125m,pretrained,0,captured,1,256,256,768,3072,relu,True,True,bf16,8,native_linear,4,21,1475214,1.475214,173534.14487660772,-0.000812530517578125,0.0,9444864,0,0,1572864,393216,1.0,767.59375,True
20260919T072229Z-hf-opt-layer,2026-09-19T07:22:32.948035+00:00,mn01,imbps,facebook/opt-125m,pretrained,0,captured,1,256,256,768,3072,relu,True,True,bf16,8,prepacked,4,22,1717451,1.717451,149058.10995481093,-0.00054931640625,2.071327,9444864,9444864,786432,393216,393216,1.0,767.59375,True
20260919T072229Z-hf-opt-layer,2026-09-19T07:22:32.949544+00:00,mn01,reference,facebook/opt-125m,pretrained,0,captured,1,256,256,768,3072,relu,True,True,bf16,8,native_linear,4,22,1477127,1.477127,173309.4039984375,-0.000812530517578125,0.0,9444864,0,0,1572864,393216,1.0,767.59375,True
20260919T072229Z-hf-opt-layer,2026-09-19T07:22:32.951065+00:00,mn01,reference,facebook/opt-125m,pretrained,0,captured,1,256,256,768,3072,relu,True,True,bf16,8,native_linear,4,23,1490957,1.490957,171701.79958241587,-0.000812530517578125,0.0,9444864,0,0,1572864,393216,1.0,767.59375,True
20260919T072229Z-hf-opt-layer,2026-09-19T07:22:32.952827+00:00,mn01,imbps,facebook/opt-125m,pretrained,0,captured,1,256,256,768,3072,relu,True,True,bf16,8,prepacked,4,23,1735298,1.735298,147525.0936726718,-0.00054931640625,2.071327,9444864,9444864,786432,393216,393216,1.0,767.59375,True
20260919T072229Z-hf-opt-layer,2026-09-19T07:22:32.954363+00:00,mn01,reference,facebook/opt-125m,pretrained,0,captured,1,256,256,768,3072,relu,True,True,bf16,8,native_linear,4,24,1498790,1.49879,170804.4489221305,-0.000812530517578125,0.0,9444864,0,0,1572864,393216,1.0,767.59375,True
20260919T072229Z-hf-opt-layer,2026-09-19T07:22:32.956113+00:00,mn01,imbps,facebook/opt-125m,pretrained,0,captured,1,256,256,768,3072,relu,True,True,bf16,8,prepacked,4,24,1725212,1.725212,148387.56048532005,-0.00054931640625,2.071327,9444864,9444864,786432,393216,393216,1.0,767.59375,True
20260919T072229Z-hf-opt-layer,2026-09-19T07:22:32.957843+00:00,mn01,imbps,facebook/opt-125m,pretrained,0,captured,1,256,256,768,3072,relu,True,True,bf16,8,prepacked,4,25,1699293,1.699293,150650.88834003318,-0.00054931640625,2.071327,9444864,9444864,786432,393216,393216,1.0,767.59375,True
20260919T072229Z-hf-opt-layer,2026-09-19T07:22:32.959358+00:00,mn01,reference,facebook/opt-125m,pretrained,0,captured,1,256,256,768,3072,relu,True,True,bf16,8,native_linear,4,25,1486571,1.486571,172208.39098838874,-0.000812530517578125,0.0,9444864,0,0,1572864,393216,1.0,767.59375,True
20260919T072229Z-hf-opt-layer,2026-09-19T07:22:32.961103+00:00,mn01,imbps,facebook/opt-125m,pretrained,0,captured,1,256,256,768,3072,relu,True,True,bf16,8,prepacked,4,26,1713695,1.713695,149384.80884871577,-0.00054931640625,2.071327,9444864,9444864,786432,393216,393216,1.0,767.59375,True
20260919T072229Z-hf-opt-layer,2026-09-19T07:22:32.962612+00:00,mn01,reference,facebook/opt-125m,pretrained,0,captured,1,256,256,768,3072,relu,True,True,bf16,8,native_linear,4,26,1481093,1.481093,172845.32436518167,-0.000812530517578125,0.0,9444864,0,0,1572864,393216,1.0,767.59375,True
20260919T072229Z-hf-opt-layer,2026-09-19T07:22:32.964127+00:00,mn01,reference,facebook/opt-125m,pretrained,0,captured,1,256,256,768,3072,relu,True,True,bf16,8,native_linear,4,27,1484267,1.484267,172475.7068640615,-0.000812530517578125,0.0,9444864,0,0,1572864,393216,1.0,767.59375,True
20260919T072229Z-hf-opt-layer,2026-09-19T07:22:32.965886+00:00,mn01,imbps,facebook/opt-125m,pretrained,0,captured,1,256,256,768,3072,relu,True,True,bf16,8,prepacked,4,27,1734437,1.734437,147598.32729583146,-0.00054931640625,2.071327,9444864,9444864,786432,393216,393216,1.0,767.59375,True
20260919T072229Z-hf-opt-layer,2026-09-19T07:22:32.967414+00:00,mn01,reference,facebook/opt-125m,pretrained,0,captured,1,256,256,768,3072,relu,True,True,bf16,8,native_linear,4,28,1495825,1.495825,171143.014724316,-0.000812530517578125,0.0,9444864,0,0,1572864,393216,1.0,767.59375,True
20260919T072229Z-hf-opt-layer,2026-09-19T07:22:32.969159+00:00,mn01,imbps,facebook/opt-125m,pretrained,0,captured,1,256,256,768,3072,relu,True,True,bf16,8,prepacked,4,28,1717651,1.717651,149040.75391333862,-0.00054931640625,2.071327,9444864,9444864,786432,393216,393216,1.0,767.59375,True
20260919T072229Z-hf-opt-layer,2026-09-19T07:22:32.970673+00:00,mn01,reference,facebook/opt-125m,pretrained,0,captured,1,256,256,768,3072,relu,True,True,bf16,8,native_linear,4,29,1480842,1.480842,172874.62133029723,-0.000812530517578125,0.0,9444864,0,0,1572864,393216,1.0,767.59375,True
20260919T072229Z-hf-opt-layer,2026-09-19T07:22:32.972418+00:00,mn01,imbps,facebook/opt-125m,pretrained,0,captured,1,256,256,768,3072,relu,True,True,bf16,8,prepacked,4,29,1718472,1.718472,148969.54969298307,-0.00054931640625,2.071327,9444864,9444864,786432,393216,393216,1.0,767.59375,True
20260919T072229Z-hf-opt-layer,2026-09-19T07:22:33.067872+00:00,mn01,imbps,facebook/opt-125m,pretrained,0,captured,1,256,256,768,3072,relu,True,True,bf16,8,prepacked,5,0,1865605,1.865605,137220.90153060268,-0.000244140625,1.93464,9444864,9444864,708096,314880,393216,0.125,260.099609375,True
20260919T072229Z-hf-opt-layer,2026-09-19T07:22:33.069473+00:00,mn01,reference,facebook/opt-125m,pretrained,0,captured,1,256,256,768,3072,relu,True,True,bf16,8,native_linear,5,0,1529536,1.529536,167371.01970793758,-0.000812530517578125,0.0,9444864,0,0,1572864,393216,0.125,260.099609375,True
20260919T072229Z-hf-opt-layer,2026-09-19T07:22:33.070995+00:00,mn01,reference,facebook/opt-125m,pretrained,0,captured,1,256,256,768,3072,relu,True,True,bf16,8,native_linear,5,1,1479921,1.479921,172982.20648264335,-0.000812530517578125,0.0,9444864,0,0,1572864,393216,0.125,260.099609375,True
20260919T072229Z-hf-opt-layer,2026-09-19T07:22:33.072934+00:00,mn01,imbps,facebook/opt-125m,pretrained,0,captured,1,256,256,768,3072,relu,True,True,bf16,8,prepacked,5,1,1910793,1.910793,133975.7891095477,-0.000244140625,1.93464,9444864,9444864,708096,314880,393216,0.125,260.099609375,True
20260919T072229Z-hf-opt-layer,2026-09-19T07:22:33.074468+00:00,mn01,reference,facebook/opt-125m,pretrained,0,captured,1,256,256,768,3072,relu,True,True,bf16,8,native_linear,5,2,1495274,1.495274,171206.07995591444,-0.000812530517578125,0.0,9444864,0,0,1572864,393216,0.125,260.099609375,True
20260919T072229Z-hf-opt-layer,2026-09-19T07:22:33.076388+00:00,mn01,imbps,facebook/opt-125m,pretrained,0,captured,1,256,256,768,3072,relu,True,True,bf16,8,prepacked,5,2,1890532,1.890532,135411.61958644443,-0.000244140625,1.93464,9444864,9444864,708096,314880,393216,0.125,260.099609375,True
20260919T072229Z-hf-opt-layer,2026-09-19T07:22:33.077912+00:00,mn01,reference,facebook/opt-125m,pretrained,0,captured,1,256,256,768,3072,relu,True,True,bf16,8,native_linear,5,3,1489285,1.489285,171894.56685590738,-0.000812530517578125,0.0,9444864,0,0,1572864,393216,0.125,260.099609375,True
20260919T072229Z-hf-opt-layer,2026-09-19T07:22:33.079832+00:00,mn01,imbps,facebook/opt-125m,pretrained,0,captured,1,256,256,768,3072,relu,True,True,bf16,8,prepacked,5,3,1891054,1.891054,135374.2410317209,-0.000244140625,1.93464,9444864,9444864,708096,314880,393216,0.125,260.099609375,True
20260919T072229Z-hf-opt-layer,2026-09-19T07:22:33.081360+00:00,mn01,reference,facebook/opt-125m,pretrained,0,captured,1,256,256,768,3072,relu,True,True,bf16,8,native_linear,5,4,1492180,1.49218,171561.0717205699,-0.000812530517578125,0.0,9444864,0,0,1572864,393216,0.125,260.099609375,True
20260919T072229Z-hf-opt-layer,2026-09-19T07:22:33.083274+00:00,mn01,imbps,facebook/opt-125m,pretrained,0,captured,1,256,256,768,3072,relu,True,True,bf16,8,prepacked,5,4,1885946,1.885946,135740.89608079975,-0.000244140625,1.93464,9444864,9444864,708096,314880,393216,0.125,260.099609375,True
20260919T072229Z-hf-opt-layer,2026-09-19T07:22:33.084796+00:00,mn01,reference,facebook/opt-125m,pretrained,0,captured,1,256,256,768,3072,relu,True,True,bf16,8,native_linear,5,5,1487442,1.487442,172107.5510843448,-0.000812530517578125,0.0,9444864,0,0,1572864,393216,0.125,260.099609375,True
20260919T072229Z-hf-opt-layer,2026-09-19T07:22:33.086715+00:00,mn01,imbps,facebook/opt-125m,pretrained,0,captured,1,256,256,768,3072,relu,True,True,bf16,8,prepacked,5,5,1893897,1.893897,135171.02566823855,-0.000244140625,1.93464,9444864,9444864,708096,314880,393216,0.125,260.099609375,True
20260919T072229Z-hf-opt-layer,2026-09-19T07:22:33.088594+00:00,mn01,imbps,facebook/opt-125m,pretrained,0,captured,1,256,256,768,3072,relu,True,True,bf16,8,prepacked,5,6,1845434,1.845434,138720.75620152225,-0.000244140625,1.93464,9444864,9444864,708096,314880,393216,0.125,260.099609375,True
20260919T072229Z-hf-opt-layer,2026-09-19T07:22:33.090108+00:00,mn01,reference,facebook/opt-125m,pretrained,0,captured,1,256,256,768,3072,relu,True,True,bf16,8,native_linear,5,6,1488885,1.488885,171940.74760643032,-0.000812530517578125,0.0,9444864,0,0,1572864,393216,0.125,260.099609375,True
20260919T072229Z-hf-opt-layer,2026-09-19T07:22:33.091616+00:00,mn01,reference,facebook/opt-125m,pretrained,0,captured,1,256,256,768,3072,relu,True,True,bf16,8,native_linear,5,7,1476917,1.476917,173334.0465307123,-0.000812530517578125,0.0,9444864,0,0,1572864,393216,0.125,260.099609375,True
20260919T072229Z-hf-opt-layer,2026-09-19T07:22:33.093519+00:00,mn01,imbps,facebook/opt-125m,pretrained,0,captured,1,256,256,768,3072,relu,True,True,bf16,8,prepacked,5,7,1875881,1.875881,136469.2110000581,-0.000244140625,1.93464,9444864,9444864,708096,314880,393216,0.125,260.099609375,True
20260919T072229Z-hf-opt-layer,2026-09-19T07:22:33.095040+00:00,mn01,reference,facebook/opt-125m,pretrained,0,captured,1,256,256,768,3072,relu,True,True,bf16,8,native_linear,5,8,1490557,1.490557,171747.87680041755,-0.000812530517578125,0.0,9444864,0,0,1572864,393216,0.125,260.099609375,True
20260919T072229Z-hf-opt-layer,2026-09-19T07:22:33.098418+00:00,mn01,imbps,facebook/opt-125m,pretrained,0,captured,1,256,256,768,3072,relu,True,True,bf16,8,prepacked,5,8,3350834,3.350834,76398.89054486137,-0.000244140625,1.93464,9444864,9444864,708096,314880,393216,0.125,260.099609375,True
20260919T072229Z-hf-opt-layer,2026-09-19T07:22:33.100349+00:00,mn01,imbps,facebook/opt-125m,pretrained,0,captured,1,256,256,768,3072,relu,True,True,bf16,8,prepacked,5,9,1884303,1.884303,135859.2540583972,-0.000244140625,1.93464,9444864,9444864,708096,314880,393216,0.125,260.099609375,True
20260919T072229Z-hf-opt-layer,2026-09-19T07:22:33.101882+00:00,mn01,reference,facebook/opt-125m,pretrained,0,captured,1,256,256,768,3072,relu,True,True,bf16,8,native_linear,5,9,1501845,1.501845,170457.00455106885,-0.000812530517578125,0.0,9444864,0,0,1572864,393216,0.125,260.099609375,True
20260919T072229Z-hf-opt-layer,2026-09-19T07:22:33.103402+00:00,mn01,reference,facebook/opt-125m,pretrained,0,captured,1,256,256,768,3072,relu,True,True,bf16,8,native_linear,5,10,1486962,1.486962,172163.10840492224,-0.000812530517578125,0.0,9444864,0,0,1572864,393216,0.125,260.099609375,True
20260919T072229Z-hf-opt-layer,2026-09-19T07:22:33.105331+00:00,mn01,imbps,facebook/opt-125m,pretrained,0,captured,1,256,256,768,3072,relu,True,True,bf16,8,prepacked,5,10,1899968,1.899968,134739.11139556035,-0.000244140625,1.93464,9444864,9444864,708096,314880,393216,0.125,260.099609375,True
20260919T072229Z-hf-opt-layer,2026-09-19T07:22:33.106857+00:00,mn01,reference,facebook/opt-125m,pretrained,0,captured,1,256,256,768,3072,relu,True,True,bf16,8,native_linear,5,11,1491038,1.491038,171692.47195577846,-0.000812530517578125,0.0,9444864,0,0,1572864,393216,0.125,260.099609375,True
20260919T072229Z-hf-opt-layer,2026-09-19T07:22:33.108776+00:00,mn01,imbps,facebook/opt-125m,pretrained,0,captured,1,256,256,768,3072,relu,True,True,bf16,8,prepacked,5,11,1889250,1.88925,135503.50668254597,-0.000244140625,1.93464,9444864,9444864,708096,314880,393216,0.125,260.099609375,True
20260919T072229Z-hf-opt-layer,2026-09-19T07:22:33.110688+00:00,mn01,imbps,facebook/opt-125m,pretrained,0,captured,1,256,256,768,3072,relu,True,True,bf16,8,prepacked,5,12,1877192,1.877192,136373.90314895866,-0.000244140625,1.93464,9444864,9444864,708096,314880,393216,0.125,260.099609375,True
20260919T072229Z-hf-opt-layer,2026-09-19T07:22:33.112211+00:00,mn01,reference,facebook/opt-125m,pretrained,0,captured,1,256,256,768,3072,relu,True,True,bf16,8,native_linear,5,12,1494062,1.494062,171344.96426520453,-0.000812530517578125,0.0,9444864,0,0,1572864,393216,0.125,260.099609375,True
20260919T072229Z-hf-opt-layer,2026-09-19T07:22:33.113713+00:00,mn01,reference,facebook/opt-125m,pretrained,0,captured,1,256,256,768,3072,relu,True,True,bf16,8,native_linear,5,13,1470487,1.470487,174091.98449221245,-0.000812530517578125,0.0,9444864,0,0,1572864,393216,0.125,260.099609375,True
20260919T072229Z-hf-opt-layer,2026-09-19T07:22:33.115629+00:00,mn01,imbps,facebook/opt-125m,pretrained,0,captured,1,256,256,768,3072,relu,True,True,bf16,8,prepacked,5,13,1890993,1.890993,135378.6079588872,-0.000244140625,1.93464,9444864,9444864,708096,314880,393216,0.125,260.099609375,True
20260919T072229Z-hf-opt-layer,2026-09-19T07:22:33.117151+00:00,mn01,reference,facebook/opt-125m,pretrained,0,captured,1,256,256,768,3072,relu,True,True,bf16,8,native_linear,5,14,1489406,1.489406,171880.60206552144,-0.000812530517578125,0.0,9444864,0,0,1572864,393216,0.125,260.099609375,True
20260919T072229Z-hf-opt-layer,2026-09-19T07:22:33.119067+00:00,mn01,imbps,facebook/opt-125m,pretrained,0,captured,1,256,256,768,3072,relu,True,True,bf16,8,prepacked,5,14,1886817,1.886817,135678.2348261649,-0.000244140625,1.93464,9444864,9444864,708096,314880,393216,0.125,260.099609375,True
20260919T072229Z-hf-opt-layer,2026-09-19T07:22:33.120589+00:00,mn01,reference,facebook/opt-125m,pretrained,0,captured,1,256,256,768,3072,relu,True,True,bf16,8,native_linear,5,15,1487212,1.487212,172134.16782543444,-0.000812530517578125,0.0,9444864,0,0,1572864,393216,0.125,260.099609375,True
20260919T072229Z-hf-opt-layer,2026-09-19T07:22:33.122508+00:00,mn01,imbps,facebook/opt-125m,pretrained,0,captured,1,256,256,768,3072,relu,True,True,bf16,8,prepacked,5,15,1891164,1.891164,135366.3669570698,-0.000244140625,1.93464,9444864,9444864,708096,314880,393216,0.125,260.099609375,True
20260919T072229Z-hf-opt-layer,2026-09-19T07:22:33.124037+00:00,mn01,reference,facebook/opt-125m,pretrained,0,captured,1,256,256,768,3072,relu,True,True,bf16,8,native_linear,5,16,1492160,1.49216,171563.37122024447,-0.000812530517578125,0.0,9444864,0,0,1572864,393216,0.125,260.099609375,True
20260919T072229Z-hf-opt-layer,2026-09-19T07:22:33.125947+00:00,mn01,imbps,facebook/opt-125m,pretrained,0,captured,1,256,256,768,3072,relu,True,True,bf16,8,prepacked,5,16,1883672,1.883672,135904.76473611116,-0.000244140625,1.93464,9444864,9444864,708096,314880,393216,0.125,260.099609375,True
20260919T072229Z-hf-opt-layer,2026-09-19T07:22:33.127491+00:00,mn01,reference,facebook/opt-125m,pretrained,0,captured,1,256,256,768,3072,relu,True,True,bf16,8,native_linear,5,17,1509856,1.509856,169552.59309497065,-0.000812530517578125,0.0,9444864,0,0,1572864,393216,0.125,260.099609375,True
20260919T072229Z-hf-opt-layer,2026-09-19T07:22:33.129392+00:00,mn01,imbps,facebook/opt-125m,pretrained,0,captured,1,256,256,768,3072,relu,True,True,bf16,8,prepacked,5,17,1873216,1.873216,136663.3639687041,-0.000244140625,1.93464,9444864,9444864,708096,314880,393216,0.125,260.099609375,True
20260919T072229Z-hf-opt-layer,2026-09-19T07:22:33.130914+00:00,mn01,reference,facebook/opt-125m,pretrained,0,captured,1,256,256,768,3072,relu,True,True,bf16,8,native_linear,5,18,1490096,1.490096,171801.01147845507,-0.000812530517578125,0.0,9444864,0,0,1572864,393216,0.125,260.099609375,True
20260919T072229Z-hf-opt-layer,2026-09-19T07:22:33.132828+00:00,mn01,imbps,facebook/opt-125m,pretrained,0,captured,1,256,256,768,3072,relu,True,True,bf16,8,prepacked,5,18,1885876,1.885876,135745.93451531278,-0.000244140625,1.93464,9444864,9444864,708096,314880,393216,0.125,260.099609375,True
20260919T072229Z-hf-opt-layer,2026-09-19T07:22:33.134725+00:00,mn01,imbps,facebook/opt-125m,pretrained,0,captured,1,256,256,768,3072,relu,True,True,bf16,8,prepacked,5,19,1864494,1.864494,137302.66764065746,-0.000244140625,1.93464,9444864,9444864,708096,314880,393216,0.125,260.099609375,True
20260919T072229Z-hf-opt-layer,2026-09-19T07:22:33.136246+00:00,mn01,reference,facebook/opt-125m,pretrained,0,captured,1,256,256,768,3072,relu,True,True,bf16,8,native_linear,5,19,1492000,1.492,171581.7694369973,-0.000812530517578125,0.0,9444864,0,0,1572864,393216,0.125,260.099609375,True
20260919T072229Z-hf-opt-layer,2026-09-19T07:22:33.137747+00:00,mn01,reference,facebook/opt-125m,pretrained,0,captured,1,256,256,768,3072,relu,True,True,bf16,8,native_linear,5,20,1472149,1.472149,173895.44129024982,-0.000812530517578125,0.0,9444864,0,0,1572864,393216,0.125,260.099609375,True
20260919T072229Z-hf-opt-layer,2026-09-19T07:22:33.139661+00:00,mn01,imbps,facebook/opt-125m,pretrained,0,captured,1,256,256,768,3072,relu,True,True,bf16,8,prepacked,5,20,1888540,1.88854,135554.4494689019,-0.000244140625,1.93464,9444864,9444864,708096,314880,393216,0.125,260.099609375,True
20260919T072229Z-hf-opt-layer,2026-09-19T07:22:33.141183+00:00,mn01,reference,facebook/opt-125m,pretrained,0,captured,1,256,256,768,3072,relu,True,True,bf16,8,native_linear,5,21,1488845,1.488845,171945.3670462674,-0.000812530517578125,0.0,9444864,0,0,1572864,393216,0.125,260.099609375,True
20260919T072229Z-hf-opt-layer,2026-09-19T07:22:33.143101+00:00,mn01,imbps,facebook/opt-125m,pretrained,0,captured,1,256,256,768,3072,relu,True,True,bf16,8,prepacked,5,21,1891164,1.891164,135366.3669570698,-0.000244140625,1.93464,9444864,9444864,708096,314880,393216,0.125,260.099609375,True
20260919T072229Z-hf-opt-layer,2026-09-19T07:22:33.144620+00:00,mn01,reference,facebook/opt-125m,pretrained,0,captured,1,256,256,768,3072,relu,True,True,bf16,8,native_linear,5,22,1486341,1.486341,172235.03893117394,-0.000812530517578125,0.0,9444864,0,0,1572864,393216,0.125,260.099609375,True
20260919T072229Z-hf-opt-layer,2026-09-19T07:22:33.146526+00:00,mn01,imbps,facebook/opt-125m,pretrained,0,captured,1,256,256,768,3072,relu,True,True,bf16,8,prepacked,5,22,1881339,1.881339,136073.29673174265,-0.000244140625,1.93464,9444864,9444864,708096,314880,393216,0.125,260.099609375,True
20260919T072229Z-hf-opt-layer,2026-09-19T07:22:33.148046+00:00,mn01,reference,facebook/opt-125m,pretrained,0,captured,1,256,256,768,3072,relu,True,True,bf16,8,native_linear,5,23,1488604,1.488604,171973.2044250855,-0.000812530517578125,0.0,9444864,0,0,1572864,393216,0.125,260.099609375,True
20260919T072229Z-hf-opt-layer,2026-09-19T07:22:33.149953+00:00,mn01,imbps,facebook/opt-125m,pretrained,0,captured,1,256,256,768,3072,relu,True,True,bf16,8,prepacked,5,23,1881269,1.881269,136078.35987304314,-0.000244140625,1.93464,9444864,9444864,708096,314880,393216,0.125,260.099609375,True
20260919T072229Z-hf-opt-layer,2026-09-19T07:22:33.151848+00:00,mn01,imbps,facebook/opt-125m,pretrained,0,captured,1,256,256,768,3072,relu,True,True,bf16,8,prepacked,5,24,1862741,1.862741,137431.88129750727,-0.000244140625,1.93464,9444864,9444864,708096,314880,393216,0.125,260.099609375,True
20260919T072229Z-hf-opt-layer,2026-09-19T07:22:33.153367+00:00,mn01,reference,facebook/opt-125m,pretrained,0,captured,1,256,256,768,3072,relu,True,True,bf16,8,native_linear,5,24,1489155,1.489155,171909.5728785788,-0.000812530517578125,0.0,9444864,0,0,1572864,393216,0.125,260.099609375,True
20260919T072229Z-hf-opt-layer,2026-09-19T07:22:33.154874+00:00,mn01,reference,facebook/opt-125m,pretrained,0,captured,1,256,256,768,3072,relu,True,True,bf16,8,native_linear,5,25,1480151,1.480151,172955.32685516545,-0.000812530517578125,0.0,9444864,0,0,1572864,393216,0.125,260.099609375,True
20260919T072229Z-hf-opt-layer,2026-09-19T07:22:33.156786+00:00,mn01,imbps,facebook/opt-125m,pretrained,0,captured,1,256,256,768,3072,relu,True,True,bf16,8,prepacked,5,25,1886126,1.886126,135727.94182361095,-0.000244140625,1.93464,9444864,9444864,708096,314880,393216,0.125,260.099609375,True
20260919T072229Z-hf-opt-layer,2026-09-19T07:22:33.158314+00:00,mn01,reference,facebook/opt-125m,pretrained,0,captured,1,256,256,768,3072,relu,True,True,bf16,8,native_linear,5,26,1494524,1.494524,171291.99664910033,-0.000812530517578125,0.0,9444864,0,0,1572864,393216,0.125,260.099609375,True
20260919T072229Z-hf-opt-layer,2026-09-19T07:22:33.160230+00:00,mn01,imbps,facebook/opt-125m,pretrained,0,captured,1,256,256,768,3072,relu,True,True,bf16,8,prepacked,5,26,1886627,1.886627,135691.89882260773,-0.000244140625,1.93464,9444864,9444864,708096,314880,393216,0.125,260.099609375,True
20260919T072229Z-hf-opt-layer,2026-09-19T07:22:33.161758+00:00,mn01,reference,facebook/opt-125m,pretrained,0,captured,1,256,256,768,3072,relu,True,True,bf16,8,native_linear,5,27,1492931,1.492931,171474.77009989074,-0.000812530517578125,0.0,9444864,0,0,1572864,393216,0.125,260.099609375,True
20260919T072229Z-hf-opt-layer,2026-09-19T07:22:33.163673+00:00,mn01,imbps,facebook/opt-125m,pretrained,0,captured,1,256,256,768,3072,relu,True,True,bf16,8,prepacked,5,27,1887388,1.887388,135637.1874781444,-0.000244140625,1.93464,9444864,9444864,708096,314880,393216,0.125,260.099609375,True
20260919T072229Z-hf-opt-layer,2026-09-19T07:22:33.165560+00:00,mn01,imbps,facebook/opt-125m,pretrained,0,captured,1,256,256,768,3072,relu,True,True,bf16,8,prepacked,5,28,1853977,1.853977,138081.54038588397,-0.000244140625,1.93464,9444864,9444864,708096,314880,393216,0.125,260.099609375,True
20260919T072229Z-hf-opt-layer,2026-09-19T07:22:33.167092+00:00,mn01,reference,facebook/opt-125m,pretrained,0,captured,1,256,256,768,3072,relu,True,True,bf16,8,native_linear,5,28,1502385,1.502385,170395.7374441305,-0.000812530517578125,0.0,9444864,0,0,1572864,393216,0.125,260.099609375,True
20260919T072229Z-hf-opt-layer,2026-09-19T07:22:33.169001+00:00,mn01,imbps,facebook/opt-125m,pretrained,0,captured,1,256,256,768,3072,relu,True,True,bf16,8,prepacked,5,29,1876622,1.876622,136415.32498286816,-0.000244140625,1.93464,9444864,9444864,708096,314880,393216,0.125,260.099609375,True
20260919T072229Z-hf-opt-layer,2026-09-19T07:22:33.170525+00:00,mn01,reference,facebook/opt-125m,pretrained,0,captured,1,256,256,768,3072,relu,True,True,bf16,8,native_linear,5,29,1496176,1.496176,171102.86490359422,-0.000812530517578125,0.0,9444864,0,0,1572864,393216,0.125,260.099609375,True
20260919T072229Z-hf-opt-layer,2026-09-19T07:22:33.263225+00:00,mn01,reference,facebook/opt-125m,pretrained,0,captured,1,256,256,768,3072,relu,True,True,bf16,8,native_linear,6,0,1493461,1.493461,171413.9170691434,-0.000812530517578125,0.0,9444864,0,0,1572864,393216,0.0078125,895.59375,True
20260919T072229Z-hf-opt-layer,2026-09-19T07:22:33.265127+00:00,mn01,imbps,facebook/opt-125m,pretrained,0,captured,1,256,256,768,3072,relu,True,True,bf16,8,prepacked,6,0,1841108,1.841108,139046.70448447348,-0.0005645751953125,2.049303,9444864,9444864,655360,262144,393216,0.0078125,895.59375,True
20260919T072229Z-hf-opt-layer,2026-09-19T07:22:33.266984+00:00,mn01,imbps,facebook/opt-125m,pretrained,0,captured,1,256,256,768,3072,relu,True,True,bf16,8,prepacked,6,1,1818994,1.818994,140737.13272281273,-0.0005645751953125,2.049303,9444864,9444864,655360,262144,393216,0.0078125,895.59375,True
20260919T072229Z-hf-opt-layer,2026-09-19T07:22:33.268512+00:00,mn01,reference,facebook/opt-125m,pretrained,0,captured,1,256,256,768,3072,relu,True,True,bf16,8,native_linear,6,1,1497598,1.497598,170940.39922596051,-0.000812530517578125,0.0,9444864,0,0,1572864,393216,0.0078125,895.59375,True
20260919T072229Z-hf-opt-layer,2026-09-19T07:22:33.270033+00:00,mn01,reference,facebook/opt-125m,pretrained,0,captured,1,256,256,768,3072,relu,True,True,bf16,8,native_linear,6,2,1491919,1.491919,171591.08503879904,-0.000812530517578125,0.0,9444864,0,0,1572864,393216,0.0078125,895.59375,True
20260919T072229Z-hf-opt-layer,2026-09-19T07:22:33.271905+00:00,mn01,imbps,facebook/opt-125m,pretrained,0,captured,1,256,256,768,3072,relu,True,True,bf16,8,prepacked,6,2,1846897,1.846897,138610.8700160323,-0.0005645751953125,2.049303,9444864,9444864,655360,262144,393216,0.0078125,895.59375,True
20260919T072229Z-hf-opt-layer,2026-09-19T07:22:33.273741+00:00,mn01,imbps,facebook/opt-125m,pretrained,0,captured,1,256,256,768,3072,relu,True,True,bf16,8,prepacked,6,3,1802730,1.80273,142006.84517370877,-0.0005645751953125,2.049303,9444864,9444864,655360,262144,393216,0.0078125,895.59375,True
20260919T072229Z-hf-opt-layer,2026-09-19T07:22:33.275268+00:00,mn01,reference,facebook/opt-125m,pretrained,0,captured,1,256,256,768,3072,relu,True,True,bf16,8,native_linear,6,3,1500241,1.500241,170639.25062706592,-0.000812530517578125,0.0,9444864,0,0,1572864,393216,0.0078125,895.59375,True
20260919T072229Z-hf-opt-layer,2026-09-19T07:22:33.277119+00:00,mn01,imbps,facebook/opt-125m,pretrained,0,captured,1,256,256,768,3072,relu,True,True,bf16,8,prepacked,6,4,1820196,1.820196,140644.19436148636,-0.0005645751953125,2.049303,9444864,9444864,655360,262144,393216,0.0078125,895.59375,True
20260919T072229Z-hf-opt-layer,2026-09-19T07:22:33.278640+00:00,mn01,reference,facebook/opt-125m,pretrained,0,captured,1,256,256,768,3072,relu,True,True,bf16,8,native_linear,6,4,1493771,1.493771,171378.34380236326,-0.000812530517578125,0.0,9444864,0,0,1572864,393216,0.0078125,895.59375,True
20260919T072229Z-hf-opt-layer,2026-09-19T07:22:33.280493+00:00,mn01,imbps,facebook/opt-125m,pretrained,0,captured,1,256,256,768,3072,relu,True,True,bf16,8,prepacked,6,5,1824102,1.824102,140343.02906306775,-0.0005645751953125,2.049303,9444864,9444864,655360,262144,393216,0.0078125,895.59375,True
20260919T072229Z-hf-opt-layer,2026-09-19T07:22:33.282013+00:00,mn01,reference,facebook/opt-125m,pretrained,0,captured,1,256,256,768,3072,relu,True,True,bf16,8,native_linear,6,5,1486791,1.486791,172182.9093665485,-0.000812530517578125,0.0,9444864,0,0,1572864,393216,0.0078125,895.59375,True
20260919T072229Z-hf-opt-layer,2026-09-19T07:22:33.283537+00:00,mn01,reference,facebook/opt-125m,pretrained,0,captured,1,256,256,768,3072,relu,True,True,bf16,8,native_linear,6,6,1496256,1.496256,171093.71658325847,-0.000812530517578125,0.0,9444864,0,0,1572864,393216,0.0078125,895.59375,True
20260919T072229Z-hf-opt-layer,2026-09-19T07:22:33.285407+00:00,mn01,imbps,facebook/opt-125m,pretrained,0,captured,1,256,256,768,3072,relu,True,True,bf16,8,prepacked,6,6,1843101,1.843101,138896.34914201664,-0.0005645751953125,2.049303,9444864,9444864,655360,262144,393216,0.0078125,895.59375,True
20260919T072229Z-hf-opt-layer,2026-09-19T07:22:33.286949+00:00,mn01,reference,facebook/opt-125m,pretrained,0,captured,1,256,256,768,3072,relu,True,True,bf16,8,native_linear,6,7,1508945,1.508945,169654.95760282845,-0.000812530517578125,0.0,9444864,0,0,1572864,393216,0.0078125,895.59375,True
20260919T072229Z-hf-opt-layer,2026-09-19T07:22:33.288813+00:00,mn01,imbps,facebook/opt-125m,pretrained,0,captured,1,256,256,768,3072,relu,True,True,bf16,8,prepacked,6,7,1835990,1.83599,139434.3106443935,-0.0005645751953125,2.049303,9444864,9444864,655360,262144,393216,0.0078125,895.59375,True
20260919T072229Z-hf-opt-layer,2026-09-19T07:22:33.290342+00:00,mn01,reference,facebook/opt-125m,pretrained,0,captured,1,256,256,768,3072,relu,True,True,bf16,8,native_linear,6,8,1494884,1.494884,171250.7458772721,-0.000812530517578125,0.0,9444864,0,0,1572864,393216,0.0078125,895.59375,True
20260919T072229Z-hf-opt-layer,2026-09-19T07:22:33.292196+00:00,mn01,imbps,facebook/opt-125m,pretrained,0,captured,1,256,256,768,3072,relu,True,True,bf16,8,prepacked,6,8,1829010,1.82901,139966.42992657228,-0.0005645751953125,2.049303,9444864,9444864,655360,262144,393216,0.0078125,895.59375,True
20260919T072229Z-hf-opt-layer,2026-09-19T07:22:33.293716+00:00,mn01,reference,facebook/opt-125m,pretrained,0,captured,1,256,256,768,3072,relu,True,True,bf16,8,native_linear,6,9,1488123,1.488123,172028.790630882,-0.000812530517578125,0.0,9444864,0,0,1572864,393216,0.0078125,895.59375,True
20260919T072229Z-hf-opt-layer,2026-09-19T07:22:33.295583+00:00,mn01,imbps,facebook/opt-125m,pretrained,0,captured,1,256,256,768,3072,relu,True,True,bf16,8,prepacked,6,9,1839846,1.839846,139142.0803697701,-0.0005645751953125,2.049303,9444864,9444864,655360,262144,393216,0.0078125,895.59375,True
20260919T072229Z-hf-opt-layer,2026-09-19T07:22:33.297416+00:00,mn01,imbps,facebook/opt-125m,pretrained,0,captured,1,256,256,768,3072,relu,True,True,bf16,8,prepacked,6,10,1800367,1.800367,142193.23060242718,-0.0005645751953125,2.049303,9444864,9444864,655360,262144,393216,0.0078125,895.59375,True
20260919T072229Z-hf-opt-layer,2026-09-19T07:22:33.298934+00:00,mn01,reference,facebook/opt-125m,pretrained,0,captured,1,256,256,768,3072,relu,True,True,bf16,8,native_linear,6,10,1491459,1.491459,171644.00764620415,-0.000812530517578125,0.0,9444864,0,0,1572864,393216,0.0078125,895.59375,True
20260919T072229Z-hf-opt-layer,2026-09-19T07:22:33.300459+00:00,mn01,reference,facebook/opt-125m,pretrained,0,captured,1,256,256,768,3072,relu,True,True,bf16,8,native_linear,6,11,1492380,1.49238,171538.08011364398,-0.000812530517578125,0.0,9444864,0,0,1572864,393216,0.0078125,895.59375,True
20260919T072229Z-hf-opt-layer,2026-09-19T07:22:33.302320+00:00,mn01,imbps,facebook/opt-125m,pretrained,0,captured,1,256,256,768,3072,relu,True,True,bf16,8,prepacked,6,11,1836311,1.836311,139409.93655214176,-0.0005645751953125,2.049303,9444864,9444864,655360,262144,393216,0.0078125,895.59375,True
20260919T072229Z-hf-opt-layer,2026-09-19T07:22:33.303843+00:00,mn01,reference,facebook/opt-125m,pretrained,0,captured,1,256,256,768,3072,relu,True,True,bf16,8,native_linear,6,12,1492139,1.492139,171565.7857612461,-0.000812530517578125,0.0,9444864,0,0,1572864,393216,0.0078125,895.59375,True
20260919T072229Z-hf-opt-layer,2026-09-19T07:22:33.305692+00:00,mn01,imbps,facebook/opt-125m,pretrained,0,captured,1,256,256,768,3072,relu,True,True,bf16,8,prepacked,6,12,1823792,1.823792,140366.88394290576,-0.0005645751953125,2.049303,9444864,9444864,655360,262144,393216,0.0078125,895.59375,True
20260919T072229Z-hf-opt-layer,2026-09-19T07:22:33.307215+00:00,mn01,reference,facebook/opt-125m,pretrained,0,captured,1,256,256,768,3072,relu,True,True,bf16,8,native_linear,6,13,1491970,1.49197,171585.21954194788,-0.000812530517578125,0.0,9444864,0,0,1572864,393216,0.0078125,895.59375,True
20260919T072229Z-hf-opt-layer,2026-09-19T07:22:33.309066+00:00,mn01,imbps,facebook/opt-125m,pretrained,0,captured,1,256,256,768,3072,relu,True,True,bf16,8,prepacked,6,13,1823972,1.823972,140353.0317351363,-0.0005645751953125,2.049303,9444864,9444864,655360,262144,393216,0.0078125,895.59375,True
20260919T072229Z-hf-opt-layer,2026-09-19T07:22:33.310917+00:00,mn01,imbps,facebook/opt-125m,pretrained,0,captured,1,256,256,768,3072,relu,True,True,bf16,8,prepacked,6,14,1820026,1.820026,140657.33126889396,-0.0005645751953125,2.049303,9444864,9444864,655360,262144,393216,0.0078125,895.59375,True
20260919T072229Z-hf-opt-layer,2026-09-19T07:22:33.312442+00:00,mn01,reference,facebook/opt-125m,pretrained,0,captured,1,256,256,768,3072,relu,True,True,bf16,8,native_linear,6,14,1494904,1.494904,171248.45475027157,-0.000812530517578125,0.0,9444864,0,0,1572864,393216,0.0078125,895.59375,True
20260919T072229Z-hf-opt-layer,2026-09-19T07:22:33.313958+00:00,mn01,reference,facebook/opt-125m,pretrained,0,captured,1,256,256,768,3072,relu,True,True,bf16,8,native_linear,6,15,1487933,1.487933,172050.7576618033,-0.000812530517578125,0.0,9444864,0,0,1572864,393216,0.0078125,895.59375,True
20260919T072229Z-hf-opt-layer,2026-09-19T07:22:33.315819+00:00,mn01,imbps,facebook/opt-125m,pretrained,0,captured,1,256,256,768,3072,relu,True,True,bf16,8,prepacked,6,15,1837712,1.837712,139303.65585031823,-0.0005645751953125,2.049303,9444864,9444864,655360,262144,393216,0.0078125,895.59375,True
20260919T072229Z-hf-opt-layer,2026-09-19T07:22:33.317340+00:00,mn01,reference,facebook/opt-125m,pretrained,0,captured,1,256,256,768,3072,relu,True,True,bf16,8,native_linear,6,16,1489516,1.489516,171867.90877036567,-0.000812530517578125,0.0,9444864,0,0,1572864,393216,0.0078125,895.59375,True
20260919T072229Z-hf-opt-layer,2026-09-19T07:22:33.319195+00:00,mn01,imbps,facebook/opt-125m,pretrained,0,captured,1,256,256,768,3072,relu,True,True,bf16,8,prepacked,6,16,1826686,1.826686,140144.50212023302,-0.0005645751953125,2.049303,9444864,9444864,655360,262144,393216,0.0078125,895.59375,True
20260919T072229Z-hf-opt-layer,2026-09-19T07:22:33.320710+00:00,mn01,reference,facebook/opt-125m,pretrained,0,captured,1,256,256,768,3072,relu,True,True,bf16,8,native_linear,6,17,1484829,1.484829,172410.42571232107,-0.000812530517578125,0.0,9444864,0,0,1572864,393216,0.0078125,895.59375,True
20260919T072229Z-hf-opt-layer,2026-09-19T07:22:33.322557+00:00,mn01,imbps,facebook/opt-125m,pretrained,0,captured,1,256,256,768,3072,relu,True,True,bf16,8,prepacked,6,17,1822269,1.822269,140484.19854587878,-0.0005645751953125,2.049303,9444864,9444864,655360,262144,393216,0.0078125,895.59375,True
20260919T072229Z-hf-opt-layer,2026-09-19T07:22:33.324393+00:00,mn01,imbps,facebook/opt-125m,pretrained,0,captured,1,256,256,768,3072,relu,True,True,bf16,8,prepacked,6,18,1804833,1.804833,141841.37812196475,-0.0005645751953125,2.049303,9444864,9444864,655360,262144,393216,0.0078125,895.59375,True
20260919T072229Z-hf-opt-layer,2026-09-19T07:22:33.325917+00:00,mn01,reference,facebook/opt-125m,pretrained,0,captured,1,256,256,768,3072,relu,True,True,bf16,8,native_linear,6,18,1496746,1.496746,171037.704460209,-0.000812530517578125,0.0,9444864,0,0,1572864,393216,0.0078125,895.59375,True
20260919T072229Z-hf-opt-layer,2026-09-19T07:22:33.327783+00:00,mn01,imbps,facebook/opt-125m,pretrained,0,captured,1,256,256,768,3072,relu,True,True,bf16,8,prepacked,6,19,1833717,1.833717,139607.14766782444,-0.0005645751953125,2.049303,9444864,9444864,655360,262144,393216,0.0078125,895.59375,True
20260919T072229Z-hf-opt-layer,2026-09-19T07:22:33.329304+00:00,mn01,reference,facebook/opt-125m,pretrained,0,captured,1,256,256,768,3072,relu,True,True,bf16,8,native_linear,6,19,1491849,1.491849,171599.13637372147,-0.000812530517578125,0.0,9444864,0,0,1572864,393216,0.0078125,895.59375,True
20260919T072229Z-hf-opt-layer,2026-09-19T07:22:33.331165+00:00,mn01,imbps,facebook/opt-125m,pretrained,0,captured,1,256,256,768,3072,relu,True,True,bf16,8,prepacked,6,20,1830592,1.830592,139845.47075481593,-0.0005645751953125,2.049303,9444864,9444864,655360,262144,393216,0.0078125,895.59375,True
20260919T072229Z-hf-opt-layer,2026-09-19T07:22:33.332682+00:00,mn01,reference,facebook/opt-125m,pretrained,0,captured,1,256,256,768,3072,relu,True,True,bf16,8,native_linear,6,20,1488154,1.488154,172025.20706862328,-0.000812530517578125,0.0,9444864,0,0,1572864,393216,0.0078125,895.59375,True
20260919T072229Z-hf-opt-layer,2026-09-19T07:22:33.334543+00:00,mn01,imbps,facebook/opt-125m,pretrained,0,captured,1,256,256,768,3072,relu,True,True,bf16,8,prepacked,6,21,1832595,1.832595,139692.62166490685,-0.0005645751953125,2.049303,9444864,9444864,655360,262144,393216,0.0078125,895.59375,True
20260919T072229Z-hf-opt-layer,2026-09-19T07:22:33.336064+00:00,mn01,reference,facebook/opt-125m,pretrained,0,captured,1,256,256,768,3072,relu,True,True,bf16,8,native_linear,6,21,1491889,1.491889,171594.53551839312,-0.000812530517578125,0.0,9444864,0,0,1572864,393216,0.0078125,895.59375,True
20260919T072229Z-hf-opt-layer,2026-09-19T07:22:33.337577+00:00,mn01,reference,facebook/opt-125m,pretrained,0,captured,1,256,256,768,3072,relu,True,True,bf16,8,native_linear,6,22,1484387,1.484387,172461.76367753153,-0.000812530517578125,0.0,9444864,0,0,1572864,393216,0.0078125,895.59375,True
20260919T072229Z-hf-opt-layer,2026-09-19T07:22:33.339445+00:00,mn01,imbps,facebook/opt-125m,pretrained,0,captured,1,256,256,768,3072,relu,True,True,bf16,8,prepacked,6,22,1844333,1.844333,138803.56746856452,-0.0005645751953125,2.049303,9444864,9444864,655360,262144,393216,0.0078125,895.59375,True
20260919T072229Z-hf-opt-layer,2026-09-19T07:22:33.341280+00:00,mn01,imbps,facebook/opt-125m,pretrained,0,captured,1,256,256,768,3072,relu,True,True,bf16,8,prepacked,6,23,1803351,1.803351,141957.943850088,-0.0005645751953125,2.049303,9444864,9444864,655360,262144,393216,0.0078125,895.59375,True
20260919T072229Z-hf-opt-layer,2026-09-19T07:22:33.342802+00:00,mn01,reference,facebook/opt-125m,pretrained,0,captured,1,256,256,768,3072,relu,True,True,bf16,8,native_linear,6,23,1496637,1.496637,171050.16112791543,-0.000812530517578125,0.0,9444864,0,0,1572864,393216,0.0078125,895.59375,True
20260919T072229Z-hf-opt-layer,2026-09-19T07:22:33.344629+00:00,mn01,imbps,facebook/opt-125m,pretrained,0,captured,1,256,256,768,3072,relu,True,True,bf16,8,prepacked,6,24,1797162,1.797162,142446.81336462713,-0.0005645751953125,2.049303,9444864,9444864,655360,262144,393216,0.0078125,895.59375,True
20260919T072229Z-hf-opt-layer,2026-09-19T07:22:33.346141+00:00,mn01,reference,facebook/opt-125m,pretrained,0,captured,1,256,256,768,3072,relu,True,True,bf16,8,native_linear,6,24,1484718,1.484718,172423.31540400264,-0.000812530517578125,0.0,9444864,0,0,1572864,393216,0.0078125,895.59375,True
20260919T072229Z-hf-opt-layer,2026-09-19T07:22:33.347657+00:00,mn01,reference,facebook/opt-125m,pretrained,0,captured,1,256,256,768,3072,relu,True,True,bf16,8,native_linear,6,25,1489035,1.489035,171923.4269174331,-0.000812530517578125,0.0,9444864,0,0,1572864,393216,0.0078125,895.59375,True
20260919T072229Z-hf-opt-layer,2026-09-19T07:22:33.350893+00:00,mn01,imbps,facebook/opt-125m,pretrained,0,captured,1,256,256,768,3072,relu,True,True,bf16,8,prepacked,6,25,3210722,3.210722,79732.84513576697,-0.0005645751953125,2.049303,9444864,9444864,655360,262144,393216,0.0078125,895.59375,True
20260919T072229Z-hf-opt-layer,2026-09-19T07:22:33.352447+00:00,mn01,reference,facebook/opt-125m,pretrained,0,captured,1,256,256,768,3072,relu,True,True,bf16,8,native_linear,6,26,1508284,1.508284,169729.30827350818,-0.000812530517578125,0.0,9444864,0,0,1572864,393216,0.0078125,895.59375,True
20260919T072229Z-hf-opt-layer,2026-09-19T07:22:33.354343+00:00,mn01,imbps,facebook/opt-125m,pretrained,0,captured,1,256,256,768,3072,relu,True,True,bf16,8,prepacked,6,26,1866416,1.866416,137161.27594276945,-0.0005645751953125,2.049303,9444864,9444864,655360,262144,393216,0.0078125,895.59375,True
20260919T072229Z-hf-opt-layer,2026-09-19T07:22:33.356207+00:00,mn01,imbps,facebook/opt-125m,pretrained,0,captured,1,256,256,768,3072,relu,True,True,bf16,8,prepacked,6,27,1827408,1.827408,140089.1317100505,-0.0005645751953125,2.049303,9444864,9444864,655360,262144,393216,0.0078125,895.59375,True
20260919T072229Z-hf-opt-layer,2026-09-19T07:22:33.357740+00:00,mn01,reference,facebook/opt-125m,pretrained,0,captured,1,256,256,768,3072,relu,True,True,bf16,8,native_linear,6,27,1502836,1.502836,170344.6018061851,-0.000812530517578125,0.0,9444864,0,0,1572864,393216,0.0078125,895.59375,True
20260919T072229Z-hf-opt-layer,2026-09-19T07:22:33.359603+00:00,mn01,imbps,facebook/opt-125m,pretrained,0,captured,1,256,256,768,3072,relu,True,True,bf16,8,prepacked,6,28,1833145,1.833145,139650.7095728925,-0.0005645751953125,2.049303,9444864,9444864,655360,262144,393216,0.0078125,895.59375,True
20260919T072229Z-hf-opt-layer,2026-09-19T07:22:33.361130+00:00,mn01,reference,facebook/opt-125m,pretrained,0,captured,1,256,256,768,3072,relu,True,True,bf16,8,native_linear,6,28,1497568,1.497568,170943.82358597408,-0.000812530517578125,0.0,9444864,0,0,1572864,393216,0.0078125,895.59375,True
20260919T072229Z-hf-opt-layer,2026-09-19T07:22:33.363005+00:00,mn01,imbps,facebook/opt-125m,pretrained,0,captured,1,256,256,768,3072,relu,True,True,bf16,8,prepacked,6,29,1846215,1.846215,138662.07348548245,-0.0005645751953125,2.049303,9444864,9444864,655360,262144,393216,0.0078125,895.59375,True
20260919T072229Z-hf-opt-layer,2026-09-19T07:22:33.364526+00:00,mn01,reference,facebook/opt-125m,pretrained,0,captured,1,256,256,768,3072,relu,True,True,bf16,8,native_linear,6,29,1492259,1.492259,171551.9892994447,-0.000812530517578125,0.0,9444864,0,0,1572864,393216,0.0078125,895.59375,True
20260919T072229Z-hf-opt-layer,2026-09-19T07:22:33.457922+00:00,mn01,reference,facebook/opt-125m,pretrained,0,captured,1,256,256,768,3072,relu,True,True,bf16,8,native_linear,7,0,1490167,1.490167,171792.8259047476,-0.000812530517578125,0.0,9444864,0,0,1572864,393216,1.0,767.59375,True
20260919T072229Z-hf-opt-layer,2026-09-19T07:22:33.460097+00:00,mn01,imbps,facebook/opt-125m,pretrained,0,captured,1,256,256,768,3072,relu,True,True,bf16,8,prepacked,7,0,2107381,2.107381,121477.79637379287,-0.0005035400390625,1.617139,9444864,9444864,617984,224768,393216,1.0,767.59375,True
20260919T072229Z-hf-opt-layer,2026-09-19T07:22:33.461641+00:00,mn01,reference,facebook/opt-125m,pretrained,0,captured,1,256,256,768,3072,relu,True,True,bf16,8,native_linear,7,1,1502675,1.502675,170362.85291230638,-0.000812530517578125,0.0,9444864,0,0,1572864,393216,1.0,767.59375,True
20260919T072229Z-hf-opt-layer,2026-09-19T07:22:33.463768+00:00,mn01,imbps,facebook/opt-125m,pretrained,0,captured,1,256,256,768,3072,relu,True,True,bf16,8,prepacked,7,1,2097426,2.097426,122054.3656844151,-0.0005035400390625,1.617139,9444864,9444864,617984,224768,393216,1.0,767.59375,True
20260919T072229Z-hf-opt-layer,2026-09-19T07:22:33.465857+00:00,mn01,imbps,facebook/opt-125m,pretrained,0,captured,1,256,256,768,3072,relu,True,True,bf16,8,prepacked,7,2,2053139,2.053139,124687.12542112348,-0.0005035400390625,1.617139,9444864,9444864,617984,224768,393216,1.0,767.59375,True
20260919T072229Z-hf-opt-layer,2026-09-19T07:22:33.467398+00:00,mn01,reference,facebook/opt-125m,pretrained,0,captured,1,256,256,768,3072,relu,True,True,bf16,8,native_linear,7,2,1510307,1.510307,169501.96218384738,-0.000812530517578125,0.0,9444864,0,0,1572864,393216,1.0,767.59375,True
20260919T072229Z-hf-opt-layer,2026-09-19T07:22:33.469507+00:00,mn01,imbps,facebook/opt-125m,pretrained,0,captured,1,256,256,768,3072,relu,True,True,bf16,8,prepacked,7,3,2077827,2.077827,123205.63742794757,-0.0005035400390625,1.617139,9444864,9444864,617984,224768,393216,1.0,767.59375,True
20260919T072229Z-hf-opt-layer,2026-09-19T07:22:33.471042+00:00,mn01,reference,facebook/opt-125m,pretrained,0,captured,1,256,256,768,3072,relu,True,True,bf16,8,native_linear,7,3,1503788,1.503788,170236.76209678492,-0.000812530517578125,0.0,9444864,0,0,1572864,393216,1.0,767.59375,True
20260919T072229Z-hf-opt-layer,2026-09-19T07:22:33.473160+00:00,mn01,imbps,facebook/opt-125m,pretrained,0,captured,1,256,256,768,3072,relu,True,True,bf16,8,prepacked,7,4,2084697,2.084697,122799.62028054916,-0.0005035400390625,1.617139,9444864,9444864,617984,224768,393216,1.0,767.59375,True
20260919T072229Z-hf-opt-layer,2026-09-19T07:22:33.474694+00:00,mn01,reference,facebook/opt-125m,pretrained,0,captured,1,256,256,768,3072,relu,True,True,bf16,8,native_linear,7,4,1502686,1.502686,170361.60581784885,-0.000812530517578125,0.0,9444864,0,0,1572864,393216,1.0,767.59375,True
20260919T072229Z-hf-opt-layer,2026-09-19T07:22:33.476212+00:00,mn01,reference,facebook/opt-125m,pretrained,0,captured,1,256,256,768,3072,relu,True,True,bf16,8,native_linear,7,5,1487022,1.487022,172156.16177837315,-0.000812530517578125,0.0,9444864,0,0,1572864,393216,1.0,767.59375,True
20260919T072229Z-hf-opt-layer,2026-09-19T07:22:33.478348+00:00,mn01,imbps,facebook/opt-125m,pretrained,0,captured,1,256,256,768,3072,relu,True,True,bf16,8,prepacked,7,5,2111698,2.111698,121229.45610593939,-0.0005035400390625,1.617139,9444864,9444864,617984,224768,393216,1.0,767.59375,True
20260919T072229Z-hf-opt-layer,2026-09-19T07:22:33.479878+00:00,mn01,reference,facebook/opt-125m,pretrained,0,captured,1,256,256,768,3072,relu,True,True,bf16,8,native_linear,7,6,1495574,1.495574,171171.73740650748,-0.000812530517578125,0.0,9444864,0,0,1572864,393216,1.0,767.59375,True
20260919T072229Z-hf-opt-layer,2026-09-19T07:22:33.481991+00:00,mn01,imbps,facebook/opt-125m,pretrained,0,captured,1,256,256,768,3072,relu,True,True,bf16,8,prepacked,7,6,2087641,2.087641,122626.44774652348,-0.0005035400390625,1.617139,9444864,9444864,617984,224768,393216,1.0,767.59375,True
20260919T072229Z-hf-opt-layer,2026-09-19T07:22:33.484084+00:00,mn01,imbps,facebook/opt-125m,pretrained,0,captured,1,256,256,768,3072,relu,True,True,bf16,8,prepacked,7,7,2060981,2.060981,124212.69288751329,-0.0005035400390625,1.617139,9444864,9444864,617984,224768,393216,1.0,767.59375,True
20260919T072229Z-hf-opt-layer,2026-09-19T07:22:33.485614+00:00,mn01,reference,facebook/opt-125m,pretrained,0,captured,1,256,256,768,3072,relu,True,True,bf16,8,native_linear,7,7,1500893,1.500893,170565.12356310542,-0.000812530517578125,0.0,9444864,0,0,1572864,393216,1.0,767.59375,True
20260919T072229Z-hf-opt-layer,2026-09-19T07:22:33.487729+00:00,mn01,imbps,facebook/opt-125m,pretrained,0,captured,1,256,256,768,3072,relu,True,True,bf16,8,prepacked,7,8,2083355,2.083355,122878.72206129057,-0.0005035400390625,1.617139,9444864,9444864,617984,224768,393216,1.0,767.59375,True
20260919T072229Z-hf-opt-layer,2026-09-19T07:22:33.489253+00:00,mn01,reference,facebook/opt-125m,pretrained,0,captured,1,256,256,768,3072,relu,True,True,bf16,8,native_linear,7,8,1494282,1.494282,171319.7375060397,-0.000812530517578125,0.0,9444864,0,0,1572864,393216,1.0,767.59375,True
20260919T072229Z-hf-opt-layer,2026-09-19T07:22:33.490774+00:00,mn01,reference,facebook/opt-125m,pretrained,0,captured,1,256,256,768,3072,relu,True,True,bf16,8,native_linear,7,9,1493982,1.493982,171354.1394742373,-0.000812530517578125,0.0,9444864,0,0,1572864,393216,1.0,767.59375,True
20260919T072229Z-hf-opt-layer,2026-09-19T07:22:33.492891+00:00,mn01,imbps,facebook/opt-125m,pretrained,0,captured,1,256,256,768,3072,relu,True,True,bf16,8,prepacked,7,9,2091928,2.091928,122375.14866668452,-0.0005035400390625,1.617139,9444864,9444864,617984,224768,393216,1.0,767.59375,True
20260919T072229Z-hf-opt-layer,2026-09-19T07:22:33.494995+00:00,mn01,imbps,facebook/opt-125m,pretrained,0,captured,1,256,256,768,3072,relu,True,True,bf16,8,prepacked,7,10,2067972,2.067972,123792.77862562936,-0.0005035400390625,1.617139,9444864,9444864,617984,224768,393216,1.0,767.59375,True
20260919T072229Z-hf-opt-layer,2026-09-19T07:22:33.496526+00:00,mn01,reference,facebook/opt-125m,pretrained,0,captured,1,256,256,768,3072,relu,True,True,bf16,8,native_linear,7,10,1500562,1.500562,170602.74750393518,-0.000812530517578125,0.0,9444864,0,0,1572864,393216,1.0,767.59375,True
20260919T072229Z-hf-opt-layer,2026-09-19T07:22:33.498658+00:00,mn01,imbps,facebook/opt-125m,pretrained,0,captured,1,256,256,768,3072,relu,True,True,bf16,8,prepacked,7,11,2101953,2.101953,121791.4958136552,-0.0005035400390625,1.617139,9444864,9444864,617984,224768,393216,1.0,767.59375,True
20260919T072229Z-hf-opt-layer,2026-09-19T07:22:33.500190+00:00,mn01,reference,facebook/opt-125m,pretrained,0,captured,1,256,256,768,3072,relu,True,True,bf16,8,native_linear,7,11,1499781,1.499781,170691.58763846188,-0.000812530517578125,0.0,9444864,0,0,1572864,393216,1.0,767.59375,True
20260919T072229Z-hf-opt-layer,2026-09-19T07:22:33.501707+00:00,mn01,reference,facebook/opt-125m,pretrained,0,captured,1,256,256,768,3072,relu,True,True,bf16,8,native_linear,7,12,1487703,1.487703,172077.3568380248,-0.000812530517578125,0.0,9444864,0,0,1572864,393216,1.0,767.59375,True
20260919T072229Z-hf-opt-layer,2026-09-19T07:22:33.503857+00:00,mn01,imbps,facebook/opt-125m,pretrained,0,captured,1,256,256,768,3072,relu,True,True,bf16,8,prepacked,7,12,2125479,2.125479,120443.43886719181,-0.0005035400390625,1.617139,9444864,9444864,617984,224768,393216,1.0,767.59375,True
20260919T072229Z-hf-opt-layer,2026-09-19T07:22:33.505390+00:00,mn01,reference,facebook/opt-125m,pretrained,0,captured,1,256,256,768,3072,relu,True,True,bf16,8,native_linear,7,13,1496917,1.496917,171018.16600385995,-0.000812530517578125,0.0,9444864,0,0,1572864,393216,1.0,767.59375,True
20260919T072229Z-hf-opt-layer,2026-09-19T07:22:33.507503+00:00,mn01,imbps,facebook/opt-125m,pretrained,0,captured,1,256,256,768,3072,relu,True,True,bf16,8,prepacked,7,13,2087141,2.087141,122655.8244028554,-0.0005035400390625,1.617139,9444864,9444864,617984,224768,393216,1.0,767.59375,True
20260919T072229Z-hf-opt-layer,2026-09-19T07:22:33.509031+00:00,mn01,reference,facebook/opt-125m,pretrained,0,captured,1,256,256,768,3072,relu,True,True,bf16,8,native_linear,7,14,1495254,1.495254,171208.3699491859,-0.000812530517578125,0.0,9444864,0,0,1572864,393216,1.0,767.59375,True
20260919T072229Z-hf-opt-layer,2026-09-19T07:22:33.511154+00:00,mn01,imbps,facebook/opt-125m,pretrained,0,captured,1,256,256,768,3072,relu,True,True,bf16,8,prepacked,7,14,2096915,2.096915,122084.10927481562,-0.0005035400390625,1.617139,9444864,9444864,617984,224768,393216,1.0,767.59375,True
20260919T072229Z-hf-opt-layer,2026-09-19T07:22:33.512686+00:00,mn01,reference,facebook/opt-125m,pretrained,0,captured,1,256,256,768,3072,relu,True,True,bf16,8,native_linear,7,15,1498139,1.498139,170878.6701367497,-0.000812530517578125,0.0,9444864,0,0,1572864,393216,1.0,767.59375,True
20260919T072229Z-hf-opt-layer,2026-09-19T07:22:33.514794+00:00,mn01,imbps,facebook/opt-125m,pretrained,0,captured,1,256,256,768,3072,relu,True,True,bf16,8,prepacked,7,15,2084637,2.084637,122803.15469791624,-0.0005035400390625,1.617139,9444864,9444864,617984,224768,393216,1.0,767.59375,True
20260919T072229Z-hf-opt-layer,2026-09-19T07:22:33.516324+00:00,mn01,reference,facebook/opt-125m,pretrained,0,captured,1,256,256,768,3072,relu,True,True,bf16,8,native_linear,7,16,1496596,1.496596,171054.84713309404,-0.000812530517578125,0.0,9444864,0,0,1572864,393216,1.0,767.59375,True
20260919T072229Z-hf-opt-layer,2026-09-19T07:22:33.518437+00:00,mn01,imbps,facebook/opt-125m,pretrained,0,captured,1,256,256,768,3072,relu,True,True,bf16,8,prepacked,7,16,2087861,2.087861,122613.52647518202,-0.0005035400390625,1.617139,9444864,9444864,617984,224768,393216,1.0,767.59375,True
20260919T072229Z-hf-opt-layer,2026-09-19T07:22:33.519967+00:00,mn01,reference,facebook/opt-125m,pretrained,0,captured,1,256,256,768,3072,relu,True,True,bf16,8,native_linear,7,17,1495715,1.495715,171155.6011673347,-0.000812530517578125,0.0,9444864,0,0,1572864,393216,1.0,767.59375,True
20260919T072229Z-hf-opt-layer,2026-09-19T07:22:33.522069+00:00,mn01,imbps,facebook/opt-125m,pretrained,0,captured,1,256,256,768,3072,relu,True,True,bf16,8,prepacked,7,17,2076424,2.076424,123288.88512172851,-0.0005035400390625,1.617139,9444864,9444864,617984,224768,393216,1.0,767.59375,True
20260919T072229Z-hf-opt-layer,2026-09-19T07:22:33.523602+00:00,mn01,reference,facebook/opt-125m,pretrained,0,captured,1,256,256,768,3072,relu,True,True,bf16,8,native_linear,7,18,1500843,1.500843,170570.8058737656,-0.000812530517578125,0.0,9444864,0,0,1572864,393216,1.0,767.59375,True
20260919T072229Z-hf-opt-layer,2026-09-19T07:22:33.525712+00:00,mn01,imbps,facebook/opt-125m,pretrained,0,captured,1,256,256,768,3072,relu,True,True,bf16,8,prepacked,7,18,2082804,2.082804,122911.22928513675,-0.0005035400390625,1.617139,9444864,9444864,617984,224768,393216,1.0,767.59375,True
20260919T072229Z-hf-opt-layer,2026-09-19T07:22:33.527829+00:00,mn01,imbps,facebook/opt-125m,pretrained,0,captured,1,256,256,768,3072,relu,True,True,bf16,8,prepacked,7,19,2085057,2.085057,122778.41804804378,-0.0005035400390625,1.617139,9444864,9444864,617984,224768,393216,1.0,767.59375,True
20260919T072229Z-hf-opt-layer,2026-09-19T07:22:33.529362+00:00,mn01,reference,facebook/opt-125m,pretrained,0,captured,1,256,256,768,3072,relu,True,True,bf16,8,native_linear,7,19,1503807,1.503807,170234.6112233817,-0.000812530517578125,0.0,9444864,0,0,1572864,393216,1.0,767.59375,True
20260919T072229Z-hf-opt-layer,2026-09-19T07:22:33.531480+00:00,mn01,imbps,facebook/opt-125m,pretrained,0,captured,1,256,256,768,3072,relu,True,True,bf16,8,prepacked,7,20,2090465,2.090465,122460.79221608589,-0.0005035400390625,1.617139,9444864,9444864,617984,224768,393216,1.0,767.59375,True
20260919T072229Z-hf-opt-layer,2026-09-19T07:22:33.533010+00:00,mn01,reference,facebook/opt-125m,pretrained,0,captured,1,256,256,768,3072,relu,True,True,bf16,8,native_linear,7,20,1498479,1.498479,170839.89832356677,-0.000812530517578125,0.0,9444864,0,0,1572864,393216,1.0,767.59375,True
20260919T072229Z-hf-opt-layer,2026-09-19T07:22:33.534529+00:00,mn01,reference,facebook/opt-125m,pretrained,0,captured,1,256,256,768,3072,relu,True,True,bf16,8,native_linear,7,21,1488003,1.488003,172042.6638924787,-0.000812530517578125,0.0,9444864,0,0,1572864,393216,1.0,767.59375,True
20260919T072229Z-hf-opt-layer,2026-09-19T07:22:33.536645+00:00,mn01,imbps,facebook/opt-125m,pretrained,0,captured,1,256,256,768,3072,relu,True,True,bf16,8,prepacked,7,21,2090997,2.090997,122429.63524098792,-0.0005035400390625,1.617139,9444864,9444864,617984,224768,393216,1.0,767.59375,True
20260919T072229Z-hf-opt-layer,2026-09-19T07:22:33.538178+00:00,mn01,reference,facebook/opt-125m,pretrained,0,captured,1,256,256,768,3072,relu,True,True,bf16,8,native_linear,7,22,1498109,1.498109,170882.0920240116,-0.000812530517578125,0.0,9444864,0,0,1572864,393216,1.0,767.59375,True
20260919T072229Z-hf-opt-layer,2026-09-19T07:22:33.540291+00:00,mn01,imbps,facebook/opt-125m,pretrained,0,captured,1,256,256,768,3072,relu,True,True,bf16,8,prepacked,7,22,2085298,2.085298,122764.22842202889,-0.0005035400390625,1.617139,9444864,9444864,617984,224768,393216,1.0,767.59375,True
20260919T072229Z-hf-opt-layer,2026-09-19T07:22:33.542383+00:00,mn01,imbps,facebook/opt-125m,pretrained,0,captured,1,256,256,768,3072,relu,True,True,bf16,8,prepacked,7,23,2059508,2.059508,124301.53221060566,-0.0005035400390625,1.617139,9444864,9444864,617984,224768,393216,1.0,767.59375,True
20260919T072229Z-hf-opt-layer,2026-09-19T07:22:33.543921+00:00,mn01,reference,facebook/opt-125m,pretrained,0,captured,1,256,256,768,3072,relu,True,True,bf16,8,native_linear,7,23,1508204,1.508204,169738.3112629326,-0.000812530517578125,0.0,9444864,0,0,1572864,393216,1.0,767.59375,True
20260919T072229Z-hf-opt-layer,2026-09-19T07:22:33.545439+00:00,mn01,reference,facebook/opt-125m,pretrained,0,captured,1,256,256,768,3072,relu,True,True,bf16,8,native_linear,7,24,1486481,1.486481,172218.81746218083,-0.000812530517578125,0.0,9444864,0,0,1572864,393216,1.0,767.59375,True
20260919T072229Z-hf-opt-layer,2026-09-19T07:22:33.547585+00:00,mn01,imbps,facebook/opt-125m,pretrained,0,captured,1,256,256,768,3072,relu,True,True,bf16,8,prepacked,7,24,2119600,2.1196,120777.50518965842,-0.0005035400390625,1.617139,9444864,9444864,617984,224768,393216,1.0,767.59375,True
20260919T072229Z-hf-opt-layer,2026-09-19T07:22:33.549113+00:00,mn01,reference,facebook/opt-125m,pretrained,0,captured,1,256,256,768,3072,relu,True,True,bf16,8,native_linear,7,25,1492851,1.492851,171483.95921629152,-0.000812530517578125,0.0,9444864,0,0,1572864,393216,1.0,767.59375,True
20260919T072229Z-hf-opt-layer,2026-09-19T07:22:33.551230+00:00,mn01,imbps,facebook/opt-125m,pretrained,0,captured,1,256,256,768,3072,relu,True,True,bf16,8,prepacked,7,25,2091327,2.091327,122410.31651195628,-0.0005035400390625,1.617139,9444864,9444864,617984,224768,393216,1.0,767.59375,True
20260919T072229Z-hf-opt-layer,2026-09-19T07:22:33.553318+00:00,mn01,imbps,facebook/opt-125m,pretrained,0,captured,1,256,256,768,3072,relu,True,True,bf16,8,prepacked,7,26,2051036,2.051036,124814.97155583813,-0.0005035400390625,1.617139,9444864,9444864,617984,224768,393216,1.0,767.59375,True
20260919T072229Z-hf-opt-layer,2026-09-19T07:22:33.554855+00:00,mn01,reference,facebook/opt-125m,pretrained,0,captured,1,256,256,768,3072,relu,True,True,bf16,8,native_linear,7,26,1506862,1.506862,169889.47893038645,-0.000812530517578125,0.0,9444864,0,0,1572864,393216,1.0,767.59375,True
20260919T072229Z-hf-opt-layer,2026-09-19T07:22:33.556384+00:00,mn01,reference,facebook/opt-125m,pretrained,0,captured,1,256,256,768,3072,relu,True,True,bf16,8,native_linear,7,27,1495995,1.495995,171123.56658946053,-0.000812530517578125,0.0,9444864,0,0,1572864,393216,1.0,767.59375,True
20260919T072229Z-hf-opt-layer,2026-09-19T07:22:33.558517+00:00,mn01,imbps,facebook/opt-125m,pretrained,0,captured,1,256,256,768,3072,relu,True,True,bf16,8,prepacked,7,27,2107882,2.107882,121448.9236114735,-0.0005035400390625,1.617139,9444864,9444864,617984,224768,393216,1.0,767.59375,True
20260919T072229Z-hf-opt-layer,2026-09-19T07:22:33.560598+00:00,mn01,imbps,facebook/opt-125m,pretrained,0,captured,1,256,256,768,3072,relu,True,True,bf16,8,prepacked,7,28,2047311,2.047311,125042.06737520582,-0.0005035400390625,1.617139,9444864,9444864,617984,224768,393216,1.0,767.59375,True
20260919T072229Z-hf-opt-layer,2026-09-19T07:22:33.562131+00:00,mn01,reference,facebook/opt-125m,pretrained,0,captured,1,256,256,768,3072,relu,True,True,bf16,8,native_linear,7,28,1504699,1.504699,170133.694512989,-0.000812530517578125,0.0,9444864,0,0,1572864,393216,1.0,767.59375,True
20260919T072229Z-hf-opt-layer,2026-09-19T07:22:33.564256+00:00,mn01,imbps,facebook/opt-125m,pretrained,0,captured,1,256,256,768,3072,relu,True,True,bf16,8,prepacked,7,29,2095934,2.095934,122141.25063098362,-0.0005035400390625,1.617139,9444864,9444864,617984,224768,393216,1.0,767.59375,True
20260919T072229Z-hf-opt-layer,2026-09-19T07:22:33.565782+00:00,mn01,reference,facebook/opt-125m,pretrained,0,captured,1,256,256,768,3072,relu,True,True,bf16,8,native_linear,7,29,1496777,1.496777,171034.1620695668,-0.000812530517578125,0.0,9444864,0,0,1572864,393216,1.0,767.59375,True
20260919T072229Z-hf-opt-layer,2026-09-19T07:22:33.659071+00:00,mn01,reference,facebook/opt-125m,pretrained,0,captured,1,256,256,768,3072,relu,True,True,bf16,8,native_linear,8,0,1499180,1.49918,170760.01547512642,-0.000812530517578125,0.0,9444864,0,0,1572864,393216,1.0,1279.59375,True
20260919T072229Z-hf-opt-layer,2026-09-19T07:22:33.661166+00:00,mn01,imbps,facebook/opt-125m,pretrained,0,captured,1,256,256,768,3072,relu,True,True,bf16,8,prepacked,8,0,2031156,2.031156,126036.60181689638,-0.000579833984375,2.07988,9444864,9444864,589824,196608,393216,1.0,1279.59375,True
20260919T072229Z-hf-opt-layer,2026-09-19T07:22:33.662711+00:00,mn01,reference,facebook/opt-125m,pretrained,0,captured,1,256,256,768,3072,relu,True,True,bf16,8,native_linear,8,1,1500302,1.500302,170632.31269437753,-0.000812530517578125,0.0,9444864,0,0,1572864,393216,1.0,1279.59375,True
20260919T072229Z-hf-opt-layer,2026-09-19T07:22:33.664777+00:00,mn01,imbps,facebook/opt-125m,pretrained,0,captured,1,256,256,768,3072,relu,True,True,bf16,8,prepacked,8,1,2035232,2.035232,125784.1857832424,-0.000579833984375,2.07988,9444864,9444864,589824,196608,393216,1.0,1279.59375,True
20260919T072229Z-hf-opt-layer,2026-09-19T07:22:33.666352+00:00,mn01,reference,facebook/opt-125m,pretrained,0,captured,1,256,256,768,3072,relu,True,True,bf16,8,native_linear,8,2,1538510,1.53851,166394.75856510518,-0.000812530517578125,0.0,9444864,0,0,1572864,393216,1.0,1279.59375,True
20260919T072229Z-hf-opt-layer,2026-09-19T07:22:33.668418+00:00,mn01,imbps,facebook/opt-125m,pretrained,0,captured,1,256,256,768,3072,relu,True,True,bf16,8,prepacked,8,2,2031806,2.031806,125996.28114101443,-0.000579833984375,2.07988,9444864,9444864,589824,196608,393216,1.0,1279.59375,True
20260919T072229Z-hf-opt-layer,2026-09-19T07:22:33.669953+00:00,mn01,reference,facebook/opt-125m,pretrained,0,captured,1,256,256,768,3072,relu,True,True,bf16,8,native_linear,8,3,1498840,1.49884,170798.75103413308,-0.000812530517578125,0.0,9444864,0,0,1572864,393216,1.0,1279.59375,True
20260919T072229Z-hf-opt-layer,2026-09-19T07:22:33.672026+00:00,mn01,imbps,facebook/opt-125m,pretrained,0,captured,1,256,256,768,3072,relu,True,True,bf16,8,prepacked,8,3,2045348,2.045348,125162.07510897903,-0.000579833984375,2.07988,9444864,9444864,589824,196608,393216,1.0,1279.59375,True
20260919T072229Z-hf-opt-layer,2026-09-19T07:22:33.674060+00:00,mn01,imbps,facebook/opt-125m,pretrained,0,captured,1,256,256,768,3072,relu,True,True,bf16,8,prepacked,8,4,1999027,1.999027,128062.30231007385,-0.000579833984375,2.07988,9444864,9444864,589824,196608,393216,1.0,1279.59375,True
20260919T072229Z-hf-opt-layer,2026-09-19T07:22:33.675596+00:00,mn01,reference,facebook/opt-125m,pretrained,0,captured,1,256,256,768,3072,relu,True,True,bf16,8,native_linear,8,4,1507222,1.507222,169848.9008254922,-0.000812530517578125,0.0,9444864,0,0,1572864,393216,1.0,1279.59375,True
20260919T072229Z-hf-opt-layer,2026-09-19T07:22:33.677641+00:00,mn01,imbps,facebook/opt-125m,pretrained,0,captured,1,256,256,768,3072,relu,True,True,bf16,8,prepacked,8,5,2014680,2.01468,127067.3258284194,-0.000579833984375,2.07988,9444864,9444864,589824,196608,393216,1.0,1279.59375,True
20260919T072229Z-hf-opt-layer,2026-09-19T07:22:33.679171+00:00,mn01,reference,facebook/opt-125m,pretrained,0,captured,1,256,256,768,3072,relu,True,True,bf16,8,native_linear,8,5,1499341,1.499341,170741.67917771876,-0.000812530517578125,0.0,9444864,0,0,1572864,393216,1.0,1279.59375,True
20260919T072229Z-hf-opt-layer,2026-09-19T07:22:33.680692+00:00,mn01,reference,facebook/opt-125m,pretrained,0,captured,1,256,256,768,3072,relu,True,True,bf16,8,native_linear,8,6,1489896,1.489896,171824.07362661554,-0.000812530517578125,0.0,9444864,0,0,1572864,393216,1.0,1279.59375,True
20260919T072229Z-hf-opt-layer,2026-09-19T07:22:33.682756+00:00,mn01,imbps,facebook/opt-125m,pretrained,0,captured,1,256,256,768,3072,relu,True,True,bf16,8,prepacked,8,6,2039438,2.039438,125524.77692383881,-0.000579833984375,2.07988,9444864,9444864,589824,196608,393216,1.0,1279.59375,True
20260919T072229Z-hf-opt-layer,2026-09-19T07:22:33.684285+00:00,mn01,reference,facebook/opt-125m,pretrained,0,captured,1,256,256,768,3072,relu,True,True,bf16,8,native_linear,8,7,1495895,1.495895,171135.00613345188,-0.000812530517578125,0.0,9444864,0,0,1572864,393216,1.0,1279.59375,True
20260919T072229Z-hf-opt-layer,2026-09-19T07:22:33.686352+00:00,mn01,imbps,facebook/opt-125m,pretrained,0,captured,1,256,256,768,3072,relu,True,True,bf16,8,prepacked,8,7,2041381,2.041381,125405.30160709833,-0.000579833984375,2.07988,9444864,9444864,589824,196608,393216,1.0,1279.59375,True
20260919T072229Z-hf-opt-layer,2026-09-19T07:22:33.688381+00:00,mn01,imbps,facebook/opt-125m,pretrained,0,captured,1,256,256,768,3072,relu,True,True,bf16,8,prepacked,8,8,1995452,1.995452,128291.73540631396,-0.000579833984375,2.07988,9444864,9444864,589824,196608,393216,1.0,1279.59375,True
20260919T072229Z-hf-opt-layer,2026-09-19T07:22:33.689911+00:00,mn01,reference,facebook/opt-125m,pretrained,0,captured,1,256,256,768,3072,relu,True,True,bf16,8,native_linear,8,8,1501554,1.501554,170490.0389862769,-0.000812530517578125,0.0,9444864,0,0,1572864,393216,1.0,1279.59375,True
20260919T072229Z-hf-opt-layer,2026-09-19T07:22:33.691968+00:00,mn01,imbps,facebook/opt-125m,pretrained,0,captured,1,256,256,768,3072,relu,True,True,bf16,8,prepacked,8,9,2027911,2.027911,126238.28166028984,-0.000579833984375,2.07988,9444864,9444864,589824,196608,393216,1.0,1279.59375,True
20260919T072229Z-hf-opt-layer,2026-09-19T07:22:33.693493+00:00,mn01,reference,facebook/opt-125m,pretrained,0,captured,1,256,256,768,3072,relu,True,True,bf16,8,native_linear,8,9,1495504,1.495504,171179.74943564177,-0.000812530517578125,0.0,9444864,0,0,1572864,393216,1.0,1279.59375,True
20260919T072229Z-hf-opt-layer,2026-09-19T07:22:33.695020+00:00,mn01,reference,facebook/opt-125m,pretrained,0,captured,1,256,256,768,3072,relu,True,True,bf16,8,native_linear,8,10,1499490,1.49949,170724.71306911015,-0.000812530517578125,0.0,9444864,0,0,1572864,393216,1.0,1279.59375,True
20260919T072229Z-hf-opt-layer,2026-09-19T07:22:33.697077+00:00,mn01,imbps,facebook/opt-125m,pretrained,0,captured,1,256,256,768,3072,relu,True,True,bf16,8,prepacked,8,10,2030215,2.030215,126095.01949300936,-0.000579833984375,2.07988,9444864,9444864,589824,196608,393216,1.0,1279.59375,True
20260919T072229Z-hf-opt-layer,2026-09-19T07:22:33.698609+00:00,mn01,reference,facebook/opt-125m,pretrained,0,captured,1,256,256,768,3072,relu,True,True,bf16,8,native_linear,8,11,1498819,1.498819,170801.1441007887,-0.000812530517578125,0.0,9444864,0,0,1572864,393216,1.0,1279.59375,True
20260919T072229Z-hf-opt-layer,2026-09-19T07:22:33.700664+00:00,mn01,imbps,facebook/opt-125m,pretrained,0,captured,1,256,256,768,3072,relu,True,True,bf16,8,prepacked,8,11,2028411,2.028411,126207.16412995197,-0.000579833984375,2.07988,9444864,9444864,589824,196608,393216,1.0,1279.59375,True
20260919T072229Z-hf-opt-layer,2026-09-19T07:22:33.702707+00:00,mn01,imbps,facebook/opt-125m,pretrained,0,captured,1,256,256,768,3072,relu,True,True,bf16,8,prepacked,8,12,2007960,2.00796,127492.57953345684,-0.000579833984375,2.07988,9444864,9444864,589824,196608,393216,1.0,1279.59375,True
20260919T072229Z-hf-opt-layer,2026-09-19T07:22:33.704236+00:00,mn01,reference,facebook/opt-125m,pretrained,0,captured,1,256,256,768,3072,relu,True,True,bf16,8,native_linear,8,12,1499781,1.499781,170691.58763846188,-0.000812530517578125,0.0,9444864,0,0,1572864,393216,1.0,1279.59375,True
20260919T072229Z-hf-opt-layer,2026-09-19T07:22:33.705755+00:00,mn01,reference,facebook/opt-125m,pretrained,0,captured,1,256,256,768,3072,relu,True,True,bf16,8,native_linear,8,13,1488675,1.488675,171965.00243505128,-0.000812530517578125,0.0,9444864,0,0,1572864,393216,1.0,1279.59375,True
20260919T072229Z-hf-opt-layer,2026-09-19T07:22:33.707815+00:00,mn01,imbps,facebook/opt-125m,pretrained,0,captured,1,256,256,768,3072,relu,True,True,bf16,8,prepacked,8,13,2034120,2.03412,125852.94869525889,-0.000579833984375,2.07988,9444864,9444864,589824,196608,393216,1.0,1279.59375,True
20260919T072229Z-hf-opt-layer,2026-09-19T07:22:33.709854+00:00,mn01,imbps,facebook/opt-125m,pretrained,0,captured,1,256,256,768,3072,relu,True,True,bf16,8,prepacked,8,14,2001441,2.001441,127907.84239955113,-0.000579833984375,2.07988,9444864,9444864,589824,196608,393216,1.0,1279.59375,True
20260919T072229Z-hf-opt-layer,2026-09-19T07:22:33.711390+00:00,mn01,reference,facebook/opt-125m,pretrained,0,captured,1,256,256,768,3072,relu,True,True,bf16,8,native_linear,8,14,1507553,1.507553,169811.6086134285,-0.000812530517578125,0.0,9444864,0,0,1572864,393216,1.0,1279.59375,True
20260919T072229Z-hf-opt-layer,2026-09-19T07:22:33.712913+00:00,mn01,reference,facebook/opt-125m,pretrained,0,captured,1,256,256,768,3072,relu,True,True,bf16,8,native_linear,8,15,1489395,1.489395,171881.87149815867,-0.000812530517578125,0.0,9444864,0,0,1572864,393216,1.0,1279.59375,True
20260919T072229Z-hf-opt-layer,2026-09-19T07:22:33.714982+00:00,mn01,imbps,facebook/opt-125m,pretrained,0,captured,1,256,256,768,3072,relu,True,True,bf16,8,prepacked,8,15,2043424,2.043424,125279.92232644817,-0.000579833984375,2.07988,9444864,9444864,589824,196608,393216,1.0,1279.59375,True
20260919T072229Z-hf-opt-layer,2026-09-19T07:22:33.716501+00:00,mn01,reference,facebook/opt-125m,pretrained,0,captured,1,256,256,768,3072,relu,True,True,bf16,8,native_linear,8,16,1484959,1.484959,172395.33212701493,-0.000812530517578125,0.0,9444864,0,0,1572864,393216,1.0,1279.59375,True
20260919T072229Z-hf-opt-layer,2026-09-19T07:22:33.718551+00:00,mn01,imbps,facebook/opt-125m,pretrained,0,captured,1,256,256,768,3072,relu,True,True,bf16,8,prepacked,8,16,2023895,2.023895,126488.77535642906,-0.000579833984375,2.07988,9444864,9444864,589824,196608,393216,1.0,1279.59375,True
20260919T072229Z-hf-opt-layer,2026-09-19T07:22:33.720590+00:00,mn01,imbps,facebook/opt-125m,pretrained,0,captured,1,256,256,768,3072,relu,True,True,bf16,8,prepacked,8,17,2003414,2.003414,127781.8763370926,-0.000579833984375,2.07988,9444864,9444864,589824,196608,393216,1.0,1279.59375,True
20260919T072229Z-hf-opt-layer,2026-09-19T07:22:33.722116+00:00,mn01,reference,facebook/opt-125m,pretrained,0,captured,1,256,256,768,3072,relu,True,True,bf16,8,native_linear,8,17,1498790,1.49879,170804.4489221305,-0.000812530517578125,0.0,9444864,0,0,1572864,393216,1.0,1279.59375,True
20260919T072229Z-hf-opt-layer,2026-09-19T07:22:33.723639+00:00,mn01,reference,facebook/opt-125m,pretrained,0,captured,1,256,256,768,3072,relu,True,True,bf16,8,native_linear,8,18,1494212,1.494212,171327.76339635876,-0.000812530517578125,0.0,9444864,0,0,1572864,393216,1.0,1279.59375,True
20260919T072229Z-hf-opt-layer,2026-09-19T07:22:33.725692+00:00,mn01,imbps,facebook/opt-125m,pretrained,0,captured,1,256,256,768,3072,relu,True,True,bf16,8,prepacked,8,18,2027741,2.027741,126248.86511640293,-0.000579833984375,2.07988,9444864,9444864,589824,196608,393216,1.0,1279.59375,True
20260919T072229Z-hf-opt-layer,2026-09-19T07:22:33.727726+00:00,mn01,imbps,facebook/opt-125m,pretrained,0,captured,1,256,256,768,3072,relu,True,True,bf16,8,prepacked,8,19,2001451,2.001451,127907.20332398845,-0.000579833984375,2.07988,9444864,9444864,589824,196608,393216,1.0,1279.59375,True
20260919T072229Z-hf-opt-layer,2026-09-19T07:22:33.729239+00:00,mn01,reference,facebook/opt-125m,pretrained,0,captured,1,256,256,768,3072,relu,True,True,bf16,8,native_linear,8,19,1485259,1.485259,172360.51086039538,-0.000812530517578125,0.0,9444864,0,0,1572864,393216,1.0,1279.59375,True
20260919T072229Z-hf-opt-layer,2026-09-19T07:22:33.731295+00:00,mn01,imbps,facebook/opt-125m,pretrained,0,captured,1,256,256,768,3072,relu,True,True,bf16,8,prepacked,8,20,2027480,2.02748,126265.11728845662,-0.000579833984375,2.07988,9444864,9444864,589824,196608,393216,1.0,1279.59375,True
20260919T072229Z-hf-opt-layer,2026-09-19T07:22:33.732819+00:00,mn01,reference,facebook/opt-125m,pretrained,0,captured,1,256,256,768,3072,relu,True,True,bf16,8,native_linear,8,20,1492380,1.49238,171538.08011364398,-0.000812530517578125,0.0,9444864,0,0,1572864,393216,1.0,1279.59375,True
20260919T072229Z-hf-opt-layer,2026-09-19T07:22:33.734344+00:00,mn01,reference,facebook/opt-125m,pretrained,0,captured,1,256,256,768,3072,relu,True,True,bf16,8,native_linear,8,21,1497107,1.497107,170996.4618427407,-0.000812530517578125,0.0,9444864,0,0,1572864,393216,1.0,1279.59375,True
20260919T072229Z-hf-opt-layer,2026-09-19T07:22:33.736403+00:00,mn01,imbps,facebook/opt-125m,pretrained,0,captured,1,256,256,768,3072,relu,True,True,bf16,8,prepacked,8,21,2035022,2.035022,125797.16582916547,-0.000579833984375,2.07988,9444864,9444864,589824,196608,393216,1.0,1279.59375,True
20260919T072229Z-hf-opt-layer,2026-09-19T07:22:33.738473+00:00,mn01,imbps,facebook/opt-125m,pretrained,0,captured,1,256,256,768,3072,relu,True,True,bf16,8,prepacked,8,22,2037976,2.037976,125614.82568980205,-0.000579833984375,2.07988,9444864,9444864,589824,196608,393216,1.0,1279.59375,True
20260919T072229Z-hf-opt-layer,2026-09-19T07:22:33.739991+00:00,mn01,reference,facebook/opt-125m,pretrained,0,captured,1,256,256,768,3072,relu,True,True,bf16,8,native_linear,8,22,1488143,1.488143,172026.47863814165,-0.000812530517578125,0.0,9444864,0,0,1572864,393216,1.0,1279.59375,True
20260919T072229Z-hf-opt-layer,2026-09-19T07:22:33.741502+00:00,mn01,reference,facebook/opt-125m,pretrained,0,captured,1,256,256,768,3072,relu,True,True,bf16,8,native_linear,8,23,1481935,1.481935,172747.11778856697,-0.000812530517578125,0.0,9444864,0,0,1572864,393216,1.0,1279.59375,True
20260919T072229Z-hf-opt-layer,2026-09-19T07:22:33.743569+00:00,mn01,imbps,facebook/opt-125m,pretrained,0,captured,1,256,256,768,3072,relu,True,True,bf16,8,prepacked,8,23,2044946,2.044946,125186.67974606663,-0.000579833984375,2.07988,9444864,9444864,589824,196608,393216,1.0,1279.59375,True
20260919T072229Z-hf-opt-layer,2026-09-19T07:22:33.745100+00:00,mn01,reference,facebook/opt-125m,pretrained,0,captured,1,256,256,768,3072,relu,True,True,bf16,8,native_linear,8,24,1496286,1.496286,171090.28621533583,-0.000812530517578125,0.0,9444864,0,0,1572864,393216,1.0,1279.59375,True
20260919T072229Z-hf-opt-layer,2026-09-19T07:22:33.747167+00:00,mn01,imbps,facebook/opt-125m,pretrained,0,captured,1,256,256,768,3072,relu,True,True,bf16,8,prepacked,8,24,2038186,2.038186,125601.88324323688,-0.000579833984375,2.07988,9444864,9444864,589824,196608,393216,1.0,1279.59375,True
20260919T072229Z-hf-opt-layer,2026-09-19T07:22:33.749206+00:00,mn01,imbps,facebook/opt-125m,pretrained,0,captured,1,256,256,768,3072,relu,True,True,bf16,8,prepacked,8,25,2002012,2.002012,127871.36141042112,-0.000579833984375,2.07988,9444864,9444864,589824,196608,393216,1.0,1279.59375,True
20260919T072229Z-hf-opt-layer,2026-09-19T07:22:33.750741+00:00,mn01,reference,facebook/opt-125m,pretrained,0,captured,1,256,256,768,3072,relu,True,True,bf16,8,native_linear,8,25,1505811,1.505811,170008.05545981534,-0.000812530517578125,0.0,9444864,0,0,1572864,393216,1.0,1279.59375,True
20260919T072229Z-hf-opt-layer,2026-09-19T07:22:33.752266+00:00,mn01,reference,facebook/opt-125m,pretrained,0,captured,1,256,256,768,3072,relu,True,True,bf16,8,native_linear,8,26,1493421,1.493421,171418.5082438241,-0.000812530517578125,0.0,9444864,0,0,1572864,393216,1.0,1279.59375,True
20260919T072229Z-hf-opt-layer,2026-09-19T07:22:33.754327+00:00,mn01,imbps,facebook/opt-125m,pretrained,0,captured,1,256,256,768,3072,relu,True,True,bf16,8,prepacked,8,26,2037936,2.037936,125617.29122013644,-0.000579833984375,2.07988,9444864,9444864,589824,196608,393216,1.0,1279.59375,True
20260919T072229Z-hf-opt-layer,2026-09-19T07:22:33.756366+00:00,mn01,imbps,facebook/opt-125m,pretrained,0,captured,1,256,256,768,3072,relu,True,True,bf16,8,prepacked,8,27,2003825,2.003825,127755.66728631493,-0.000579833984375,2.07988,9444864,9444864,589824,196608,393216,1.0,1279.59375,True
20260919T072229Z-hf-opt-layer,2026-09-19T07:22:33.757891+00:00,mn01,reference,facebook/opt-125m,pretrained,0,captured,1,256,256,768,3072,relu,True,True,bf16,8,native_linear,8,27,1498880,1.49888,170794.1929974381,-0.000812530517578125,0.0,9444864,0,0,1572864,393216,1.0,1279.59375,True
20260919T072229Z-hf-opt-layer,2026-09-19T07:22:33.759938+00:00,mn01,imbps,facebook/opt-125m,pretrained,0,captured,1,256,256,768,3072,relu,True,True,bf16,8,prepacked,8,28,2018075,2.018075,126853.56094297786,-0.000579833984375,2.07988,9444864,9444864,589824,196608,393216,1.0,1279.59375,True
20260919T072229Z-hf-opt-layer,2026-09-19T07:22:33.761459+00:00,mn01,reference,facebook/opt-125m,pretrained,0,captured,1,256,256,768,3072,relu,True,True,bf16,8,native_linear,8,28,1492090,1.49209,171571.41995456038,-0.000812530517578125,0.0,9444864,0,0,1572864,393216,1.0,1279.59375,True
20260919T072229Z-hf-opt-layer,2026-09-19T07:22:33.763511+00:00,mn01,imbps,facebook/opt-125m,pretrained,0,captured,1,256,256,768,3072,relu,True,True,bf16,8,prepacked,8,29,2024886,2.024886,126426.87045097847,-0.000579833984375,2.07988,9444864,9444864,589824,196608,393216,1.0,1279.59375,True
20260919T072229Z-hf-opt-layer,2026-09-19T07:22:33.765041+00:00,mn01,reference,facebook/opt-125m,pretrained,0,captured,1,256,256,768,3072,relu,True,True,bf16,8,native_linear,8,29,1498429,1.498429,170845.59895730796,-0.000812530517578125,0.0,9444864,0,0,1572864,393216,1.0,1279.59375,True
20260919T072229Z-hf-opt-layer,2026-09-19T07:22:33.862863+00:00,mn01,imbps,facebook/opt-125m,pretrained,0,captured,1,256,256,768,3072,relu,True,True,bf16,8,prepacked,16,0,2531844,2.531844,101112.07483557439,-0.0004425048828125,3.025672,9444864,9444864,491520,98304,393216,0.01171875,194.82470703125,True
20260919T072229Z-hf-opt-layer,2026-09-19T07:22:33.864433+00:00,mn01,reference,facebook/opt-125m,pretrained,0,captured,1,256,256,768,3072,relu,True,True,bf16,8,native_linear,16,0,1501464,1.501464,170500.25841445415,-0.000812530517578125,0.0,9444864,0,0,1572864,393216,0.01171875,194.82470703125,True
20260919T072229Z-hf-opt-layer,2026-09-19T07:22:33.865967+00:00,mn01,reference,facebook/opt-125m,pretrained,0,captured,1,256,256,768,3072,relu,True,True,bf16,8,native_linear,16,1,1498239,1.498239,170867.26483558366,-0.000812530517578125,0.0,9444864,0,0,1572864,393216,0.01171875,194.82470703125,True
20260919T072229Z-hf-opt-layer,2026-09-19T07:22:33.868587+00:00,mn01,imbps,facebook/opt-125m,pretrained,0,captured,1,256,256,768,3072,relu,True,True,bf16,8,prepacked,16,1,2593177,2.593177,98720.60410839677,-0.0004425048828125,3.025672,9444864,9444864,491520,98304,393216,0.01171875,194.82470703125,True
20260919T072229Z-hf-opt-layer,2026-09-19T07:22:33.871187+00:00,mn01,imbps,facebook/opt-125m,pretrained,0,captured,1,256,256,768,3072,relu,True,True,bf16,8,prepacked,16,2,2559045,2.559045,100037.31860909051,-0.0004425048828125,3.025672,9444864,9444864,491520,98304,393216,0.01171875,194.82470703125,True
20260919T072229Z-hf-opt-layer,2026-09-19T07:22:33.872725+00:00,mn01,reference,facebook/opt-125m,pretrained,0,captured,1,256,256,768,3072,relu,True,True,bf16,8,native_linear,16,2,1506231,1.506231,169960.6501260431,-0.000812530517578125,0.0,9444864,0,0,1572864,393216,0.01171875,194.82470703125,True
20260919T072229Z-hf-opt-layer,2026-09-19T07:22:33.875349+00:00,mn01,imbps,facebook/opt-125m,pretrained,0,captured,1,256,256,768,3072,relu,True,True,bf16,8,prepacked,16,3,2592316,2.592316,98753.39271909752,-0.0004425048828125,3.025672,9444864,9444864,491520,98304,393216,0.01171875,194.82470703125,True
20260919T072229Z-hf-opt-layer,2026-09-19T07:22:33.876884+00:00,mn01,reference,facebook/opt-125m,pretrained,0,captured,1,256,256,768,3072,relu,True,True,bf16,8,native_linear,16,3,1499972,1.499972,170669.8525039134,-0.000812530517578125,0.0,9444864,0,0,1572864,393216,0.01171875,194.82470703125,True
20260919T072229Z-hf-opt-layer,2026-09-19T07:22:33.878421+00:00,mn01,reference,facebook/opt-125m,pretrained,0,captured,1,256,256,768,3072,relu,True,True,bf16,8,native_linear,16,4,1503497,1.503497,170269.71121325818,-0.000812530517578125,0.0,9444864,0,0,1572864,393216,0.01171875,194.82470703125,True
20260919T072229Z-hf-opt-layer,2026-09-19T07:22:33.881039+00:00,mn01,imbps,facebook/opt-125m,pretrained,0,captured,1,256,256,768,3072,relu,True,True,bf16,8,prepacked,16,4,2591544,2.591544,98782.8105561781,-0.0004425048828125,3.025672,9444864,9444864,491520,98304,393216,0.01171875,194.82470703125,True
20260919T072229Z-hf-opt-layer,2026-09-19T07:22:33.882582+00:00,mn01,reference,facebook/opt-125m,pretrained,0,captured,1,256,256,768,3072,relu,True,True,bf16,8,native_linear,16,5,1508684,1.508684,169684.30764825505,-0.000812530517578125,0.0,9444864,0,0,1572864,393216,0.01171875,194.82470703125,True
20260919T072229Z-hf-opt-layer,2026-09-19T07:22:33.885221+00:00,mn01,imbps,facebook/opt-125m,pretrained,0,captured,1,256,256,768,3072,relu,True,True,bf16,8,prepacked,16,5,2608030,2.60803,98158.38007998375,-0.0004425048828125,3.025672,9444864,9444864,491520,98304,393216,0.01171875,194.82470703125,True
20260919T072229Z-hf-opt-layer,2026-09-19T07:22:33.887812+00:00,mn01,imbps,facebook/opt-125m,pretrained,0,captured,1,256,256,768,3072,relu,True,True,bf16,8,prepacked,16,6,2555059,2.555059,100193.38105304026,-0.0004425048828125,3.025672,9444864,9444864,491520,98304,393216,0.01171875,194.82470703125,True
20260919T072229Z-hf-opt-layer,2026-09-19T07:22:33.889354+00:00,mn01,reference,facebook/opt-125m,pretrained,0,captured,1,256,256,768,3072,relu,True,True,bf16,8,native_linear,16,6,1508945,1.508945,169654.95760282845,-0.000812530517578125,0.0,9444864,0,0,1572864,393216,0.01171875,194.82470703125,True
20260919T072229Z-hf-opt-layer,2026-09-19T07:22:33.891978+00:00,mn01,imbps,facebook/opt-125m,pretrained,0,captured,1,256,256,768,3072,relu,True,True,bf16,8,prepacked,16,7,2594790,2.59479,98659.23639292583,-0.0004425048828125,3.025672,9444864,9444864,491520,98304,393216,0.01171875,194.82470703125,True
20260919T072229Z-hf-opt-layer,2026-09-19T07:22:33.893508+00:00,mn01,reference,facebook/opt-125m,pretrained,0,captured,1,256,256,768,3072,relu,True,True,bf16,8,native_linear,16,7,1498659,1.498659,170819.37919166402,-0.000812530517578125,0.0,9444864,0,0,1572864,393216,0.01171875,194.82470703125,True
20260919T072229Z-hf-opt-layer,2026-09-19T07:22:33.896136+00:00,mn01,imbps,facebook/opt-125m,pretrained,0,captured,1,256,256,768,3072,relu,True,True,bf16,8,prepacked,16,8,2597734,2.597734,98547.42633387406,-0.0004425048828125,3.025672,9444864,9444864,491520,98304,393216,0.01171875,194.82470703125,True
20260919T072229Z-hf-opt-layer,2026-09-19T07:22:33.897664+00:00,mn01,reference,facebook/opt-125m,pretrained,0,captured,1,256,256,768,3072,relu,True,True,bf16,8,native_linear,16,8,1496366,1.496366,171081.13923999877,-0.000812530517578125,0.0,9444864,0,0,1572864,393216,0.01171875,194.82470703125,True
20260919T072229Z-hf-opt-layer,2026-09-19T07:22:33.900287+00:00,mn01,imbps,facebook/opt-125m,pretrained,0,captured,1,256,256,768,3072,relu,True,True,bf16,8,prepacked,16,9,2594229,2.594229,98680.5713759271,-0.0004425048828125,3.025672,9444864,9444864,491520,98304,393216,0.01171875,194.82470703125,True
20260919T072229Z-hf-opt-layer,2026-09-19T07:22:33.901816+00:00,mn01,reference,facebook/opt-125m,pretrained,0,captured,1,256,256,768,3072,relu,True,True,bf16,8,native_linear,16,9,1498330,1.49833,170856.8873345658,-0.000812530517578125,0.0,9444864,0,0,1572864,393216,0.01171875,194.82470703125,True
20260919T072229Z-hf-opt-layer,2026-09-19T07:22:33.904439+00:00,mn01,imbps,facebook/opt-125m,pretrained,0,captured,1,256,256,768,3072,relu,True,True,bf16,8,prepacked,16,10,2595680,2.59568,98625.40837083153,-0.0004425048828125,3.025672,9444864,9444864,491520,98304,393216,0.01171875,194.82470703125,True
20260919T072229Z-hf-opt-layer,2026-09-19T07:22:33.905973+00:00,mn01,reference,facebook/opt-125m,pretrained,0,captured,1,256,256,768,3072,relu,True,True,bf16,8,native_linear,16,10,1503857,1.503857,170228.95128991653,-0.000812530517578125,0.0,9444864,0,0,1572864,393216,0.01171875,194.82470703125,True
20260919T072229Z-hf-opt-layer,2026-09-19T07:22:33.907502+00:00,mn01,reference,facebook/opt-125m,pretrained,0,captured,1,256,256,768,3072,relu,True,True,bf16,8,native_linear,16,11,1499821,1.499821,170687.03531954813,-0.000812530517578125,0.0,9444864,0,0,1572864,393216,0.01171875,194.82470703125,True
20260919T072229Z-hf-opt-layer,2026-09-19T07:22:33.910109+00:00,mn01,imbps,facebook/opt-125m,pretrained,0,captured,1,256,256,768,3072,relu,True,True,bf16,8,prepacked,16,11,2582030,2.58203,99146.7953509448,-0.0004425048828125,3.025672,9444864,9444864,491520,98304,393216,0.01171875,194.82470703125,True
20260919T072229Z-hf-opt-layer,2026-09-19T07:22:33.912706+00:00,mn01,imbps,facebook/opt-125m,pretrained,0,captured,1,256,256,768,3072,relu,True,True,bf16,8,prepacked,16,12,2562691,2.562691,99894.9931927025,-0.0004425048828125,3.025672,9444864,9444864,491520,98304,393216,0.01171875,194.82470703125,True
20260919T072229Z-hf-opt-layer,2026-09-19T07:22:33.914245+00:00,mn01,reference,facebook/opt-125m,pretrained,0,captured,1,256,256,768,3072,relu,True,True,bf16,8,native_linear,16,12,1507693,1.507693,169795.8403998692,-0.000812530517578125,0.0,9444864,0,0,1572864,393216,0.01171875,194.82470703125,True
20260919T072229Z-hf-opt-layer,2026-09-19T07:22:33.916870+00:00,mn01,imbps,facebook/opt-125m,pretrained,0,captured,1,256,256,768,3072,relu,True,True,bf16,8,prepacked,16,13,2593036,2.593036,98725.97218087215,-0.0004425048828125,3.025672,9444864,9444864,491520,98304,393216,0.01171875,194.82470703125,True
20260919T072229Z-hf-opt-layer,2026-09-19T07:22:33.918409+00:00,mn01,reference,facebook/opt-125m,pretrained,0,captured,1,256,256,768,3072,relu,True,True,bf16,8,native_linear,16,13,1506411,1.506411,169940.34164646966,-0.000812530517578125,0.0,9444864,0,0,1572864,393216,0.01171875,194.82470703125,True
20260919T072229Z-hf-opt-layer,2026-09-19T07:22:33.921041+00:00,mn01,imbps,facebook/opt-125m,pretrained,0,captured,1,256,256,768,3072,relu,True,True,bf16,8,prepacked,16,14,2597454,2.597454,98558.04953619969,-0.0004425048828125,3.025672,9444864,9444864,491520,98304,393216,0.01171875,194.82470703125,True
20260919T072229Z-hf-opt-layer,2026-09-19T07:22:33.922584+00:00,mn01,reference,facebook/opt-125m,pretrained,0,captured,1,256,256,768,3072,relu,True,True,bf16,8,native_linear,16,14,1511499,1.511499,169368.28936042963,-0.000812530517578125,0.0,9444864,0,0,1572864,393216,0.01171875,194.82470703125,True
20260919T072229Z-hf-opt-layer,2026-09-19T07:22:33.925218+00:00,mn01,imbps,facebook/opt-125m,pretrained,0,captured,1,256,256,768,3072,relu,True,True,bf16,8,prepacked,16,15,2601340,2.60134,98410.81903941814,-0.0004425048828125,3.025672,9444864,9444864,491520,98304,393216,0.01171875,194.82470703125,True
20260919T072229Z-hf-opt-layer,2026-09-19T07:22:33.926753+00:00,mn01,reference,facebook/opt-125m,pretrained,0,captured,1,256,256,768,3072,relu,True,True,bf16,8,native_linear,16,15,1504048,1.504048,170207.33380849546,-0.000812530517578125,0.0,9444864,0,0,1572864,393216,0.01171875,194.82470703125,True
20260919T072229Z-hf-opt-layer,2026-09-19T07:22:33.928275+00:00,mn01,reference,facebook/opt-125m,pretrained,0,captured,1,256,256,768,3072,relu,True,True,bf16,8,native_linear,16,16,1491699,1.491699,171616.3917787704,-0.000812530517578125,0.0,9444864,0,0,1572864,393216,0.01171875,194.82470703125,True
20260919T072229Z-hf-opt-layer,2026-09-19T07:22:33.930887+00:00,mn01,imbps,facebook/opt-125m,pretrained,0,captured,1,256,256,768,3072,relu,True,True,bf16,8,prepacked,16,16,2589742,2.589742,98851.5458296618,-0.0004425048828125,3.025672,9444864,9444864,491520,98304,393216,0.01171875,194.82470703125,True
20260919T072229Z-hf-opt-layer,2026-09-19T07:22:33.933477+00:00,mn01,imbps,facebook/opt-125m,pretrained,0,captured,1,256,256,768,3072,relu,True,True,bf16,8,prepacked,16,17,2556161,2.556161,100150.18615807065,-0.0004425048828125,3.025672,9444864,9444864,491520,98304,393216,0.01171875,194.82470703125,True
20260919T072229Z-hf-opt-layer,2026-09-19T07:22:33.935020+00:00,mn01,reference,facebook/opt-125m,pretrained,0,captured,1,256,256,768,3072,relu,True,True,bf16,8,native_linear,16,17,1513431,1.513431,169152.07895173287,-0.000812530517578125,0.0,9444864,0,0,1572864,393216,0.01171875,194.82470703125,True
20260919T072229Z-hf-opt-layer,2026-09-19T07:22:33.936542+00:00,mn01,reference,facebook/opt-125m,pretrained,0,captured,1,256,256,768,3072,relu,True,True,bf16,8,native_linear,16,18,1492039,1.492039,171577.28450797868,-0.000812530517578125,0.0,9444864,0,0,1572864,393216,0.01171875,194.82470703125,True
20260919T072229Z-hf-opt-layer,2026-09-19T07:22:33.939156+00:00,mn01,imbps,facebook/opt-125m,pretrained,0,captured,1,256,256,768,3072,relu,True,True,bf16,8,prepacked,16,18,2588810,2.58881,98887.13347059074,-0.0004425048828125,3.025672,9444864,9444864,491520,98304,393216,0.01171875,194.82470703125,True
20260919T072229Z-hf-opt-layer,2026-09-19T07:22:33.940690+00:00,mn01,reference,facebook/opt-125m,pretrained,0,captured,1,256,256,768,3072,relu,True,True,bf16,8,native_linear,16,19,1498459,1.498459,170842.17853141128,-0.000812530517578125,0.0,9444864,0,0,1572864,393216,0.01171875,194.82470703125,True
20260919T072229Z-hf-opt-layer,2026-09-19T07:22:33.943324+00:00,mn01,imbps,facebook/opt-125m,pretrained,0,captured,1,256,256,768,3072,relu,True,True,bf16,8,prepacked,16,19,2607829,2.607829,98165.94569659284,-0.0004425048828125,3.025672,9444864,9444864,491520,98304,393216,0.01171875,194.82470703125,True
20260919T072229Z-hf-opt-layer,2026-09-19T07:22:33.944859+00:00,mn01,reference,facebook/opt-125m,pretrained,0,captured,1,256,256,768,3072,relu,True,True,bf16,8,native_linear,16,20,1500342,1.500342,170627.7635365803,-0.000812530517578125,0.0,9444864,0,0,1572864,393216,0.01171875,194.82470703125,True
20260919T072229Z-hf-opt-layer,2026-09-19T07:22:33.947477+00:00,mn01,imbps,facebook/opt-125m,pretrained,0,captured,1,256,256,768,3072,relu,True,True,bf16,8,prepacked,16,20,2591775,2.591775,98774.00623125078,-0.0004425048828125,3.025672,9444864,9444864,491520,98304,393216,0.01171875,194.82470703125,True
20260919T072229Z-hf-opt-layer,2026-09-19T07:22:33.950046+00:00,mn01,imbps,facebook/opt-125m,pretrained,0,captured,1,256,256,768,3072,relu,True,True,bf16,8,prepacked,16,21,2531824,2.531824,101112.87356467117,-0.0004425048828125,3.025672,9444864,9444864,491520,98304,393216,0.01171875,194.82470703125,True
20260919T072229Z-hf-opt-layer,2026-09-19T07:22:33.951583+00:00,mn01,reference,facebook/opt-125m,pretrained,0,captured,1,256,256,768,3072,relu,True,True,bf16,8,native_linear,16,21,1507633,1.507633,169802.5978470888,-0.000812530517578125,0.0,9444864,0,0,1572864,393216,0.01171875,194.82470703125,True
20260919T072229Z-hf-opt-layer,2026-09-19T07:22:33.954185+00:00,mn01,imbps,facebook/opt-125m,pretrained,0,captured,1,256,256,768,3072,relu,True,True,bf16,8,prepacked,16,22,2569932,2.569932,99613.53063038243,-0.0004425048828125,3.025672,9444864,9444864,491520,98304,393216,0.01171875,194.82470703125,True
20260919T072229Z-hf-opt-layer,2026-09-19T07:22:33.955715+00:00,mn01,reference,facebook/opt-125m,pretrained,0,captured,1,256,256,768,3072,relu,True,True,bf16,8,native_linear,16,22,1500062,1.500062,170659.6127360069,-0.000812530517578125,0.0,9444864,0,0,1572864,393216,0.01171875,194.82470703125,True
20260919T072229Z-hf-opt-layer,2026-09-19T07:22:33.958352+00:00,mn01,imbps,facebook/opt-125m,pretrained,0,captured,1,256,256,768,3072,relu,True,True,bf16,8,prepacked,16,23,2607809,2.607809,98166.69855806157,-0.0004425048828125,3.025672,9444864,9444864,491520,98304,393216,0.01171875,194.82470703125,True
20260919T072229Z-hf-opt-layer,2026-09-19T07:22:33.959885+00:00,mn01,reference,facebook/opt-125m,pretrained,0,captured,1,256,256,768,3072,relu,True,True,bf16,8,native_linear,16,23,1498579,1.498579,170828.4981972922,-0.000812530517578125,0.0,9444864,0,0,1572864,393216,0.01171875,194.82470703125,True
20260919T072229Z-hf-opt-layer,2026-09-19T07:22:33.962507+00:00,mn01,imbps,facebook/opt-125m,pretrained,0,captured,1,256,256,768,3072,relu,True,True,bf16,8,prepacked,16,24,2591084,2.591084,98800.34765372331,-0.0004425048828125,3.025672,9444864,9444864,491520,98304,393216,0.01171875,194.82470703125,True
20260919T072229Z-hf-opt-layer,2026-09-19T07:22:33.964037+00:00,mn01,reference,facebook/opt-125m,pretrained,0,captured,1,256,256,768,3072,relu,True,True,bf16,8,native_linear,16,24,1498049,1.498049,170888.93620969675,-0.000812530517578125,0.0,9444864,0,0,1572864,393216,0.01171875,194.82470703125,True
20260919T072229Z-hf-opt-layer,2026-09-19T07:22:33.966649+00:00,mn01,imbps,facebook/opt-125m,pretrained,0,captured,1,256,256,768,3072,relu,True,True,bf16,8,prepacked,16,25,2581569,2.581569,99164.50034843151,-0.0004425048828125,3.025672,9444864,9444864,491520,98304,393216,0.01171875,194.82470703125,True
20260919T072229Z-hf-opt-layer,2026-09-19T07:22:33.968175+00:00,mn01,reference,facebook/opt-125m,pretrained,0,captured,1,256,256,768,3072,relu,True,True,bf16,8,native_linear,16,25,1495955,1.495955,171128.14222352946,-0.000812530517578125,0.0,9444864,0,0,1572864,393216,0.01171875,194.82470703125,True
20260919T072229Z-hf-opt-layer,2026-09-19T07:22:33.970794+00:00,mn01,imbps,facebook/opt-125m,pretrained,0,captured,1,256,256,768,3072,relu,True,True,bf16,8,prepacked,16,26,2589311,2.589311,98868.00002008256,-0.0004425048828125,3.025672,9444864,9444864,491520,98304,393216,0.01171875,194.82470703125,True
20260919T072229Z-hf-opt-layer,2026-09-19T07:22:33.972323+00:00,mn01,reference,facebook/opt-125m,pretrained,0,captured,1,256,256,768,3072,relu,True,True,bf16,8,native_linear,16,26,1497457,1.497457,170956.4949110392,-0.000812530517578125,0.0,9444864,0,0,1572864,393216,0.01171875,194.82470703125,True
20260919T072229Z-hf-opt-layer,2026-09-19T07:22:33.974952+00:00,mn01,imbps,facebook/opt-125m,pretrained,0,captured,1,256,256,768,3072,relu,True,True,bf16,8,prepacked,16,27,2599817,2.599817,98468.46912686547,-0.0004425048828125,3.025672,9444864,9444864,491520,98304,393216,0.01171875,194.82470703125,True
20260919T072229Z-hf-opt-layer,2026-09-19T07:22:33.976478+00:00,mn01,reference,facebook/opt-125m,pretrained,0,captured,1,256,256,768,3072,relu,True,True,bf16,8,native_linear,16,27,1495705,1.495705,171156.74548122793,-0.000812530517578125,0.0,9444864,0,0,1572864,393216,0.01171875,194.82470703125,True
20260919T072229Z-hf-opt-layer,2026-09-19T07:22:33.978000+00:00,mn01,reference,facebook/opt-125m,pretrained,0,captured,1,256,256,768,3072,relu,True,True,bf16,8,native_linear,16,28,1494363,1.494363,171310.45134281294,-0.000812530517578125,0.0,9444864,0,0,1572864,393216,0.01171875,194.82470703125,True
20260919T072229Z-hf-opt-layer,2026-09-19T07:22:33.980610+00:00,mn01,imbps,facebook/opt-125m,pretrained,0,captured,1,256,256,768,3072,relu,True,True,bf16,8,prepacked,16,28,2587057,2.587057,98954.13978122632,-0.0004425048828125,3.025672,9444864,9444864,491520,98304,393216,0.01171875,194.82470703125,True
20260919T072229Z-hf-opt-layer,2026-09-19T07:22:33.983201+00:00,mn01,imbps,facebook/opt-125m,pretrained,0,captured,1,256,256,768,3072,relu,True,True,bf16,8,prepacked,16,29,2556502,2.556502,100136.82758707015,-0.0004425048828125,3.025672,9444864,9444864,491520,98304,393216,0.01171875,194.82470703125,True
20260919T072229Z-hf-opt-layer,2026-09-19T07:22:33.984734+00:00,mn01,reference,facebook/opt-125m,pretrained,0,captured,1,256,256,768,3072,relu,True,True,bf16,8,native_linear,16,29,1503357,1.503357,170285.56756645293,-0.000812530517578125,0.0,9444864,0,0,1572864,393216,0.01171875,194.82470703125,True
